-- phpMyAdmin SQL Dump
-- version 4.5.1
-- http://www.phpmyadmin.net
--
-- Host: 127.0.0.1
-- Generation Time: Oct 30, 2016 at 08:44 AM
-- Server version: 10.1.13-MariaDB
-- PHP Version: 7.0.5

SET SQL_MODE = "NO_AUTO_VALUE_ON_ZERO";
SET time_zone = "+00:00";


/*!40101 SET @OLD_CHARACTER_SET_CLIENT=@@CHARACTER_SET_CLIENT */;
/*!40101 SET @OLD_CHARACTER_SET_RESULTS=@@CHARACTER_SET_RESULTS */;
/*!40101 SET @OLD_COLLATION_CONNECTION=@@COLLATION_CONNECTION */;
/*!40101 SET NAMES utf8mb4 */;

--
-- Database: `zeus`
--

-- --------------------------------------------------------

--
-- Table structure for table `blocks`
--

CREATE TABLE `blocks` (
  `id` int(11) NOT NULL,
  `start` datetime DEFAULT NULL,
  `length` double DEFAULT NULL
) ENGINE=InnoDB DEFAULT CHARSET=latin1;

--
-- Dumping data for table `blocks`
--

INSERT INTO `blocks` (`id`, `start`, `length`) VALUES
(1, '2016-10-30 00:00:00', 10000000000000);

-- --------------------------------------------------------

--
-- Table structure for table `blocks_channels`
--

CREATE TABLE `blocks_channels` (
  `block_id` int(11) NOT NULL,
  `channel_id` int(11) NOT NULL
) ENGINE=InnoDB DEFAULT CHARSET=latin1;

-- --------------------------------------------------------

--
-- Table structure for table `channels`
--

CREATE TABLE `channels` (
  `id` int(11) NOT NULL,
  `code` varchar(255) DEFAULT NULL,
  `number` int(11) DEFAULT NULL,
  `title` varchar(255) DEFAULT NULL
) ENGINE=InnoDB DEFAULT CHARSET=latin1;

--
-- Dumping data for table `channels`
--

INSERT INTO `channels` (`id`, `code`, `number`, `title`) VALUES
(1, '2002', 101, 'BBC One'),
(2, '2006', 102, 'BBC 2 HD'),
(3, '6000', 103, 'ITV'),
(4, '1612', 104, 'Channel 4'),
(5, '1800', 105, 'Sky 1 HD'),
(6, '1402', 106, '5 HD'),
(7, '2201', 107, 'Sky Living HD'),
(8, '1412', 108, 'Sky Atlantic HD'),
(9, '2306', 111, 'Dave HD'),
(10, '2510', 112, 'Comedy Central HD'),
(14, '0', 0, '0');

-- --------------------------------------------------------

--
-- Table structure for table `chat`
--

CREATE TABLE `chat` (
  `id` int(11) NOT NULL,
  `user_id` int(11) NOT NULL,
  `message` text NOT NULL,
  `time_sent` datetime NOT NULL
) ENGINE=InnoDB DEFAULT CHARSET=latin1;

--
-- Dumping data for table `chat`
--

INSERT INTO `chat` (`id`, `user_id`, `message`, `time_sent`) VALUES
(1, 2, 'dsadsffdssfddfsdfsfsddfsdsf', '2016-10-30 00:00:00');

-- --------------------------------------------------------

--
-- Table structure for table `groups`
--

CREATE TABLE `groups` (
  `id` int(11) NOT NULL,
  `name` varchar(255) DEFAULT NULL
) ENGINE=InnoDB DEFAULT CHARSET=latin1;

-- --------------------------------------------------------

--
-- Table structure for table `programs`
--

CREATE TABLE `programs` (
  `id` int(11) NOT NULL,
  `name` varchar(255) DEFAULT NULL,
  `channel_id` int(11) DEFAULT NULL,
  `image` varchar(255) DEFAULT NULL,
  `short_desc` varchar(255) DEFAULT NULL
) ENGINE=InnoDB DEFAULT CHARSET=latin1;

--
-- Dumping data for table `programs`
--

INSERT INTO `programs` (`id`, `name`, `channel_id`, `image`, `short_desc`) VALUES
(1, 'Asian Provocateur: Mum''s...', 1, NULL, '...American Dream. 3/6. Brother Dinesh: Romesh Ranganathan and his mum go on a tour of the Deep South with Romesh''s brother Dinesh. Contains strong language.  Also in HD. [AD,S]'),
(2, 'Step Brothers', 5, NULL, 'Comedy starring Will Ferrell and John C Reilly. Two spoilt middle-aged men who still live at home become stepbrothers when their parents marry. (2008)'),
(3, 'Assault On Precinct 13', 6, NULL, 'Cops and crooks join forces when a police station comes under siege from an armed mob. Explosive action with Ethan Hawke and Laurence Fishburne. Strong language/violence. (2005)(104 mins) Also in HD'),
(4, 'Carry On Cowboy', 3, NULL, 'Western spoof starring Sidney James and Kenneth Williams, 1965. Saddle up for a fistful of double entendres with the hilarious Carry On regulars.'),
(5, 'Carry On Cowboy', 3, NULL, 'Western spoof starring Sidney James and Kenneth Williams, 1965. Saddle up for a fistful of double entendres with the hilarious Carry On regulars.'),
(6, 'Last Week Tonight With...', 8, NULL, '...John Oliver. British comedian and writer John Oliver delivers more breaking news on a weekly basis in this satirical series. Contains strong language. (S3, ep 27) Also in HD'),
(7, 'Criminal Minds', 7, NULL, 'Gatekeeper: Series star Matthew Gray Gubler (Spencer Reid) directs a chilling episode investigating strangulations in Boston. Rossi takes a trip down memory lane. Violence/sex. (S9, ep 7)'),
(8, 'Room 101', 9, NULL, 'Jo Brand, Ben Miller and Bill Turnbull reveal their irrational irritants, including low-rise jeans, sneezing, shoelaces and vampire films. Frank Skinner is the voice of reason. (Also in HD). S2 Ep7'),
(9, 'Step Brothers', 5, NULL, 'Comedy starring Will Ferrell and John C Reilly. Two spoilt middle-aged men who still live at home become stepbrothers when their parents marry. (2008)'),
(10, 'Carry On Cowboy', 3, NULL, 'Western spoof starring Sidney James and Kenneth Williams, 1965. Saddle up for a fistful of double entendres with the hilarious Carry On regulars.'),
(11, '', 4, NULL, ''),
(12, 'The Harder They Come', 2, NULL, 'Seminal Jamaican drama about a musician forced into a life of crime. Contains some strong language and some sexual content.  Also in HD. [1973] [S]'),
(13, '', 4, NULL, ''),
(14, 'Step Brothers', 5, NULL, 'Comedy starring Will Ferrell and John C Reilly. Two spoilt middle-aged men who still live at home become stepbrothers when their parents marry. (2008)'),
(15, 'Last Week Tonight With...', 8, NULL, '...John Oliver. British comedian and writer John Oliver delivers more breaking news on a weekly basis in this satirical series. Contains strong language. (S3, ep 27) Also in HD'),
(16, 'Asian Provocateur: Mum''s...', 1, NULL, '...American Dream. 3/6. Brother Dinesh: Romesh Ranganathan and his mum go on a tour of the Deep South with Romesh''s brother Dinesh. Contains strong language.  Also in HD. [AD,S]'),
(17, 'Asian Provocateur: Mum''s...', 1, NULL, '...American Dream. 3/6. Brother Dinesh: Romesh Ranganathan and his mum go on a tour of the Deep South with Romesh''s brother Dinesh. Contains strong language.  Also in HD. [AD,S]'),
(18, 'Assault On Precinct 13', 6, NULL, 'Cops and crooks join forces when a police station comes under siege from an armed mob. Explosive action with Ethan Hawke and Laurence Fishburne. Strong language/violence. (2005)(104 mins) Also in HD'),
(19, '', 4, NULL, ''),
(20, 'The Harder They Come', 2, NULL, 'Seminal Jamaican drama about a musician forced into a life of crime. Contains some strong language and some sexual content.  Also in HD. [1973] [S]'),
(21, 'The Harder They Come', 2, NULL, 'Seminal Jamaican drama about a musician forced into a life of crime. Contains some strong language and some sexual content.  Also in HD. [1973] [S]'),
(22, 'Assault On Precinct 13', 6, NULL, 'Cops and crooks join forces when a police station comes under siege from an armed mob. Explosive action with Ethan Hawke and Laurence Fishburne. Strong language/violence. (2005)(104 mins) Also in HD'),
(23, 'Asian Provocateur: Mum''s...', 1, NULL, '...American Dream. 3/6. Brother Dinesh: Romesh Ranganathan and his mum go on a tour of the Deep South with Romesh''s brother Dinesh. Contains strong language.  Also in HD. [AD,S]'),
(24, 'Room 101', 9, NULL, 'Jo Brand, Ben Miller and Bill Turnbull reveal their irrational irritants, including low-rise jeans, sneezing, shoelaces and vampire films. Frank Skinner is the voice of reason. (Also in HD). S2 Ep7'),
(25, 'The Harder They Come', 2, NULL, 'Seminal Jamaican drama about a musician forced into a life of crime. Contains some strong language and some sexual content.  Also in HD. [1973] [S]'),
(26, 'Step Brothers', 5, NULL, 'Comedy starring Will Ferrell and John C Reilly. Two spoilt middle-aged men who still live at home become stepbrothers when their parents marry. (2008)'),
(27, 'Carry On Cowboy', 3, NULL, 'Western spoof starring Sidney James and Kenneth Williams, 1965. Saddle up for a fistful of double entendres with the hilarious Carry On regulars.'),
(28, 'Room 101', 9, NULL, 'Jo Brand, Ben Miller and Bill Turnbull reveal their irrational irritants, including low-rise jeans, sneezing, shoelaces and vampire films. Frank Skinner is the voice of reason. (Also in HD). S2 Ep7'),
(29, 'Carry On Cowboy', 3, NULL, 'Western spoof starring Sidney James and Kenneth Williams, 1965. Saddle up for a fistful of double entendres with the hilarious Carry On regulars.'),
(30, 'Step Brothers', 5, NULL, 'Comedy starring Will Ferrell and John C Reilly. Two spoilt middle-aged men who still live at home become stepbrothers when their parents marry. (2008)'),
(31, 'Asian Provocateur: Mum''s...', 1, NULL, '...American Dream. 3/6. Brother Dinesh: Romesh Ranganathan and his mum go on a tour of the Deep South with Romesh''s brother Dinesh. Contains strong language.  Also in HD. [AD,S]'),
(32, 'Room 101', 9, NULL, 'Jo Brand, Ben Miller and Bill Turnbull reveal their irrational irritants, including low-rise jeans, sneezing, shoelaces and vampire films. Frank Skinner is the voice of reason. (Also in HD). S2 Ep7'),
(33, 'Step Brothers', 5, NULL, 'Comedy starring Will Ferrell and John C Reilly. Two spoilt middle-aged men who still live at home become stepbrothers when their parents marry. (2008)'),
(34, 'Criminal Minds', 7, NULL, 'Gatekeeper: Series star Matthew Gray Gubler (Spencer Reid) directs a chilling episode investigating strangulations in Boston. Rossi takes a trip down memory lane. Violence/sex. (S9, ep 7)'),
(35, 'Assault On Precinct 13', 6, NULL, 'Cops and crooks join forces when a police station comes under siege from an armed mob. Explosive action with Ethan Hawke and Laurence Fishburne. Strong language/violence. (2005)(104 mins) Also in HD'),
(36, 'Asian Provocateur: Mum''s...', 1, NULL, '...American Dream. 3/6. Brother Dinesh: Romesh Ranganathan and his mum go on a tour of the Deep South with Romesh''s brother Dinesh. Contains strong language.  Also in HD. [AD,S]'),
(37, 'Carry On Cowboy', 3, NULL, 'Western spoof starring Sidney James and Kenneth Williams, 1965. Saddle up for a fistful of double entendres with the hilarious Carry On regulars.'),
(38, 'Last Week Tonight With...', 8, NULL, '...John Oliver. British comedian and writer John Oliver delivers more breaking news on a weekly basis in this satirical series. Contains strong language. (S3, ep 27) Also in HD'),
(39, 'The Harder They Come', 2, NULL, 'Seminal Jamaican drama about a musician forced into a life of crime. Contains some strong language and some sexual content.  Also in HD. [1973] [S]'),
(40, 'Criminal Minds', 7, NULL, 'Gatekeeper: Series star Matthew Gray Gubler (Spencer Reid) directs a chilling episode investigating strangulations in Boston. Rossi takes a trip down memory lane. Violence/sex. (S9, ep 7)'),
(41, 'Room 101', 9, NULL, 'Jo Brand, Ben Miller and Bill Turnbull reveal their irrational irritants, including low-rise jeans, sneezing, shoelaces and vampire films. Frank Skinner is the voice of reason. (Also in HD). S2 Ep7'),
(42, 'Criminal Minds', 7, NULL, 'Gatekeeper: Series star Matthew Gray Gubler (Spencer Reid) directs a chilling episode investigating strangulations in Boston. Rossi takes a trip down memory lane. Violence/sex. (S9, ep 7)'),
(43, 'Last Week Tonight With...', 8, NULL, '...John Oliver. British comedian and writer John Oliver delivers more breaking news on a weekly basis in this satirical series. Contains strong language. (S3, ep 27) Also in HD'),
(44, 'Carry On Cowboy', 3, NULL, 'Western spoof starring Sidney James and Kenneth Williams, 1965. Saddle up for a fistful of double entendres with the hilarious Carry On regulars.'),
(45, 'Assault On Precinct 13', 6, NULL, 'Cops and crooks join forces when a police station comes under siege from an armed mob. Explosive action with Ethan Hawke and Laurence Fishburne. Strong language/violence. (2005)(104 mins) Also in HD'),
(46, 'Step Brothers', 5, NULL, 'Comedy starring Will Ferrell and John C Reilly. Two spoilt middle-aged men who still live at home become stepbrothers when their parents marry. (2008)'),
(47, 'Carry On Cowboy', 3, NULL, 'Western spoof starring Sidney James and Kenneth Williams, 1965. Saddle up for a fistful of double entendres with the hilarious Carry On regulars.'),
(48, 'The Harder They Come', 2, NULL, 'Seminal Jamaican drama about a musician forced into a life of crime. Contains some strong language and some sexual content.  Also in HD. [1973] [S]'),
(49, 'Step Brothers', 5, NULL, 'Comedy starring Will Ferrell and John C Reilly. Two spoilt middle-aged men who still live at home become stepbrothers when their parents marry. (2008)'),
(50, 'Carry On Cowboy', 3, NULL, 'Western spoof starring Sidney James and Kenneth Williams, 1965. Saddle up for a fistful of double entendres with the hilarious Carry On regulars.'),
(51, 'Asian Provocateur: Mum''s...', 1, NULL, '...American Dream. 3/6. Brother Dinesh: Romesh Ranganathan and his mum go on a tour of the Deep South with Romesh''s brother Dinesh. Contains strong language.  Also in HD. [AD,S]'),
(52, '', 4, NULL, ''),
(53, 'Criminal Minds', 7, NULL, 'Gatekeeper: Series star Matthew Gray Gubler (Spencer Reid) directs a chilling episode investigating strangulations in Boston. Rossi takes a trip down memory lane. Violence/sex. (S9, ep 7)'),
(54, 'Asian Provocateur: Mum''s...', 1, NULL, '...American Dream. 3/6. Brother Dinesh: Romesh Ranganathan and his mum go on a tour of the Deep South with Romesh''s brother Dinesh. Contains strong language.  Also in HD. [AD,S]'),
(55, 'Last Week Tonight With...', 8, NULL, '...John Oliver. British comedian and writer John Oliver delivers more breaking news on a weekly basis in this satirical series. Contains strong language. (S3, ep 27) Also in HD'),
(56, 'Room 101', 9, NULL, 'Jo Brand, Ben Miller and Bill Turnbull reveal their irrational irritants, including low-rise jeans, sneezing, shoelaces and vampire films. Frank Skinner is the voice of reason. (Also in HD). S2 Ep7'),
(57, 'Criminal Minds', 7, NULL, 'Gatekeeper: Series star Matthew Gray Gubler (Spencer Reid) directs a chilling episode investigating strangulations in Boston. Rossi takes a trip down memory lane. Violence/sex. (S9, ep 7)'),
(58, 'Assault On Precinct 13', 6, NULL, 'Cops and crooks join forces when a police station comes under siege from an armed mob. Explosive action with Ethan Hawke and Laurence Fishburne. Strong language/violence. (2005)(104 mins) Also in HD'),
(59, 'Room 101', 9, NULL, 'Jo Brand, Ben Miller and Bill Turnbull reveal their irrational irritants, including low-rise jeans, sneezing, shoelaces and vampire films. Frank Skinner is the voice of reason. (Also in HD). S2 Ep7'),
(60, 'The Harder They Come', 2, NULL, 'Seminal Jamaican drama about a musician forced into a life of crime. Contains some strong language and some sexual content.  Also in HD. [1973] [S]'),
(61, 'Step Brothers', 5, NULL, 'Comedy starring Will Ferrell and John C Reilly. Two spoilt middle-aged men who still live at home become stepbrothers when their parents marry. (2008)'),
(62, 'Criminal Minds', 7, NULL, 'Gatekeeper: Series star Matthew Gray Gubler (Spencer Reid) directs a chilling episode investigating strangulations in Boston. Rossi takes a trip down memory lane. Violence/sex. (S9, ep 7)'),
(63, '', 4, NULL, ''),
(64, 'The Harder They Come', 2, NULL, 'Seminal Jamaican drama about a musician forced into a life of crime. Contains some strong language and some sexual content.  Also in HD. [1973] [S]'),
(65, 'Assault On Precinct 13', 6, NULL, 'Cops and crooks join forces when a police station comes under siege from an armed mob. Explosive action with Ethan Hawke and Laurence Fishburne. Strong language/violence. (2005)(104 mins) Also in HD'),
(66, 'Asian Provocateur: Mum''s...', 1, NULL, '...American Dream. 3/6. Brother Dinesh: Romesh Ranganathan and his mum go on a tour of the Deep South with Romesh''s brother Dinesh. Contains strong language.  Also in HD. [AD,S]'),
(67, 'The Harder They Come', 2, NULL, 'Seminal Jamaican drama about a musician forced into a life of crime. Contains some strong language and some sexual content.  Also in HD. [1973] [S]'),
(68, 'Last Week Tonight With...', 8, NULL, '...John Oliver. British comedian and writer John Oliver delivers more breaking news on a weekly basis in this satirical series. Contains strong language. (S3, ep 27) Also in HD'),
(69, 'Assault On Precinct 13', 6, NULL, 'Cops and crooks join forces when a police station comes under siege from an armed mob. Explosive action with Ethan Hawke and Laurence Fishburne. Strong language/violence. (2005)(104 mins) Also in HD'),
(70, 'Step Brothers', 5, NULL, 'Comedy starring Will Ferrell and John C Reilly. Two spoilt middle-aged men who still live at home become stepbrothers when their parents marry. (2008)'),
(71, 'Criminal Minds', 7, NULL, 'Gatekeeper: Series star Matthew Gray Gubler (Spencer Reid) directs a chilling episode investigating strangulations in Boston. Rossi takes a trip down memory lane. Violence/sex. (S9, ep 7)'),
(72, 'Carry On Cowboy', 3, NULL, 'Western spoof starring Sidney James and Kenneth Williams, 1965. Saddle up for a fistful of double entendres with the hilarious Carry On regulars.'),
(73, 'Step Brothers', 5, NULL, 'Comedy starring Will Ferrell and John C Reilly. Two spoilt middle-aged men who still live at home become stepbrothers when their parents marry. (2008)'),
(74, 'Asian Provocateur: Mum''s...', 1, NULL, '...American Dream. 3/6. Brother Dinesh: Romesh Ranganathan and his mum go on a tour of the Deep South with Romesh''s brother Dinesh. Contains strong language.  Also in HD. [AD,S]'),
(75, 'Criminal Minds', 7, NULL, 'Gatekeeper: Series star Matthew Gray Gubler (Spencer Reid) directs a chilling episode investigating strangulations in Boston. Rossi takes a trip down memory lane. Violence/sex. (S9, ep 7)'),
(76, '', 4, NULL, ''),
(77, 'Murder, She Wrote', 3, NULL, 'Mirror, Mirror, on the Wall (Part 2): Mystery series about a sleuthing writer. When a man is killed by a poisoned apple meant for her, Jessica sets about finding the murderer. [SL] S5 Ep22'),
(78, '', 4, NULL, ''),
(79, 'Fish Town', 8, NULL, 'This insightful documentary series returns to shore and comes to an end. The fishermen spend some quality time with their loved ones, and Logan has a big decision to make. (10/10) Also in HD'),
(80, 'This Is BBC Two', 2, NULL, 'Highlights of programmes on BBC Two. Also in HD. [S]'),
(81, 'Murder, She Wrote', 3, NULL, 'Mirror, Mirror, on the Wall (Part 2): Mystery series about a sleuthing writer. When a man is killed by a poisoned apple meant for her, Jessica sets about finding the murderer. [SL] S5 Ep22'),
(82, 'UK Border Force', 6, NULL, 'In the final instalment of the series, the Manchester enforcement team conducts raids in Rochdale in search of illegal workers, while a man is deported to Nigeria. (8/8) Also in HD'),
(83, 'CSI: Crime Scene Investigation', 7, NULL, 'Eleven Angry Jurors: When a man is found dead in a jury deliberation room, his fellow jurors find themselves on the other side of the courtroom as suspects of the crime. (S4, ep 11)'),
(84, 'Now That''s Funny', 5, NULL, 'Comedy clip show. Includes a virtual reality fail, the strange world of performance art, a comically inappropriate pregnancy announcement and tongue-in-cheek news stories. (S2 Ep 20)'),
(85, '', 4, NULL, ''),
(86, '', 6, NULL, ''),
(87, '', 2, NULL, ''),
(88, '', 8, NULL, ''),
(89, '', 2, NULL, ''),
(90, '', 7, NULL, ''),
(91, '', 9, NULL, ''),
(92, '', 8, NULL, ''),
(93, 'The British', 8, NULL, 'War and Peace: The factual series closes with the turbulent and triumphant 20th century. CGI and drama re-create World War I and Queen Elizabeth II''s coronation. (7/7) Also in HD'),
(94, 'This Is BBC Two', 2, NULL, 'Highlights of programmes on BBC Two. Also in HD. [S]'),
(95, 'Flood Chaos: Winter Road Rescue', 5, NULL, 'Reality series follows RAC patrols, specialist heavy recovery companies and snow plough drivers who work 24/7 to make sure the UK does not grind to a halt when winter weather hits. (Ep 1)'),
(96, 'Border Security: Canada''s...', 6, NULL, '...Front Line. A Russian dissident''s complicated past raises questions, and officers wonder why a Korean tourist would bring his CV and school diplomas on a vacation. (S1, ep 11) Also in HD'),
(97, 'Border Security: Canada''s...', 6, NULL, '...Front Line. A Russian dissident''s complicated past raises questions, and officers wonder why a Korean tourist would bring his CV and school diplomas on a vacation. (S1, ep 11) Also in HD'),
(98, 'The Real A & E', 7, NULL, 'The RAF come to the rescue when an 18 year old falls 200 feet down a cliff in Yorkshire. Elsewhere a mountain biker crashes off his bike on a remote woodland track. (S2, ep 20)'),
(99, 'This Is BBC Two', 2, NULL, 'Highlights of programmes on BBC Two. Also in HD. [S]'),
(100, '', 4, NULL, ''),
(101, 'This Is BBC Two', 2, NULL, 'Highlights of programmes on BBC Two. Also in HD. [S]'),
(102, 'BBC News', 1, NULL, 'BBC One joins the BBC''s rolling news channel for a night of news, with bulletins on the hour and the headlines every 15 minutes. Also in HD. [S]'),
(103, 'ITV Nightscreen', 3, NULL, 'Text-based information service.'),
(104, 'The Real A & E', 7, NULL, 'The RAF come to the rescue when an 18 year old falls 200 feet down a cliff in Yorkshire. Elsewhere a mountain biker crashes off his bike on a remote woodland track. (S2, ep 20)'),
(105, 'This Is BBC Two', 2, NULL, 'Highlights of programmes on BBC Two. Also in HD. [S]'),
(106, 'Flood Chaos: Winter Road Rescue', 5, NULL, 'Reality series follows RAC patrols, specialist heavy recovery companies and snow plough drivers who work 24/7 to make sure the UK does not grind to a halt when winter weather hits. (Ep 1)'),
(107, '', 4, NULL, ''),
(108, 'ITV Nightscreen', 3, NULL, 'Text-based information service.'),
(109, '', 4, NULL, ''),
(110, 'Teleshopping', 9, NULL, 'Shopping from home.'),
(111, 'ITV Nightscreen', 3, NULL, 'Text-based information service.'),
(112, 'BBC News', 1, NULL, 'BBC One joins the BBC''s rolling news channel for a night of news, with bulletins on the hour and the headlines every 15 minutes. Also in HD. [S]'),
(113, 'Teleshopping', 9, NULL, 'Shopping from home.'),
(114, 'ITV Nightscreen', 3, NULL, 'Text-based information service.'),
(115, 'BBC News', 1, NULL, 'BBC One joins the BBC''s rolling news channel for a night of news, with bulletins on the hour and the headlines every 15 minutes. Also in HD. [S]'),
(116, 'Flood Chaos: Winter Road Rescue', 5, NULL, 'Reality series follows RAC patrols, specialist heavy recovery companies and snow plough drivers who work 24/7 to make sure the UK does not grind to a halt when winter weather hits. (Ep 1)'),
(117, '', 4, NULL, ''),
(118, 'This Is BBC Two', 2, NULL, 'Highlights of programmes on BBC Two. Also in HD. [S]'),
(119, 'Flood Chaos: Winter Road Rescue', 5, NULL, 'Reality series follows RAC patrols, specialist heavy recovery companies and snow plough drivers who work 24/7 to make sure the UK does not grind to a halt when winter weather hits. (Ep 1)'),
(120, 'The Real A & E', 7, NULL, 'The RAF come to the rescue when an 18 year old falls 200 feet down a cliff in Yorkshire. Elsewhere a mountain biker crashes off his bike on a remote woodland track. (S2, ep 20)'),
(121, 'The British', 8, NULL, 'War and Peace: The factual series closes with the turbulent and triumphant 20th century. CGI and drama re-create World War I and Queen Elizabeth II''s coronation. (7/7) Also in HD'),
(122, 'This Is BBC Two', 2, NULL, 'Highlights of programmes on BBC Two. Also in HD. [S]'),
(123, 'ITV Nightscreen', 3, NULL, 'Text-based information service.'),
(124, 'BBC News', 1, NULL, 'BBC One joins the BBC''s rolling news channel for a night of news, with bulletins on the hour and the headlines every 15 minutes. Also in HD. [S]'),
(125, '', 7, NULL, ''),
(126, '', 9, NULL, ''),
(127, '', 5, NULL, ''),
(128, '', 1, NULL, ''),
(129, '', 9, NULL, ''),
(130, '', 1, NULL, ''),
(131, '', 8, NULL, ''),
(132, '', 7, NULL, ''),
(133, 'This Is BBC Two', 2, NULL, 'Highlights of programmes on BBC Two. Also in HD. [S]'),
(134, 'Teleshopping', 9, NULL, 'Shopping from home.'),
(135, 'The Real A & E', 7, NULL, 'The RAF come to the rescue when an 18 year old falls 200 feet down a cliff in Yorkshire. Elsewhere a mountain biker crashes off his bike on a remote woodland track. (S2, ep 20)'),
(136, 'The British', 8, NULL, 'War and Peace: The factual series closes with the turbulent and triumphant 20th century. CGI and drama re-create World War I and Queen Elizabeth II''s coronation. (7/7) Also in HD'),
(137, 'Border Security: Canada''s...', 6, NULL, '...Front Line. A Russian dissident''s complicated past raises questions, and officers wonder why a Korean tourist would bring his CV and school diplomas on a vacation. (S1, ep 11) Also in HD'),
(138, 'The British', 8, NULL, 'War and Peace: The factual series closes with the turbulent and triumphant 20th century. CGI and drama re-create World War I and Queen Elizabeth II''s coronation. (7/7) Also in HD'),
(139, 'ITV Nightscreen', 3, NULL, 'Text-based information service.'),
(140, '', 4, NULL, ''),
(141, 'The Real A & E', 7, NULL, 'The RAF come to the rescue when an 18 year old falls 200 feet down a cliff in Yorkshire. Elsewhere a mountain biker crashes off his bike on a remote woodland track. (S2, ep 20)'),
(142, 'BBC News', 1, NULL, 'BBC One joins the BBC''s rolling news channel for a night of news, with bulletins on the hour and the headlines every 15 minutes. Also in HD. [S]'),
(143, 'ITV Nightscreen', 3, NULL, 'Text-based information service.'),
(144, 'Teleshopping', 9, NULL, 'Shopping from home.'),
(145, 'Flood Chaos: Winter Road Rescue', 5, NULL, 'Reality series follows RAC patrols, specialist heavy recovery companies and snow plough drivers who work 24/7 to make sure the UK does not grind to a halt when winter weather hits. (Ep 1)'),
(146, 'ITV Nightscreen', 3, NULL, 'Text-based information service.'),
(147, 'BBC News', 1, NULL, 'BBC One joins the BBC''s rolling news channel for a night of news, with bulletins on the hour and the headlines every 15 minutes. Also in HD. [S]'),
(148, 'Teleshopping', 9, NULL, 'Shopping from home.'),
(149, 'ITV Nightscreen', 3, NULL, 'Text-based information service.'),
(150, 'BBC News', 1, NULL, 'BBC One joins the BBC''s rolling news channel for a night of news, with bulletins on the hour and the headlines every 15 minutes. Also in HD. [S]'),
(151, '', 4, NULL, ''),
(152, 'Teleshopping', 9, NULL, 'Shopping from home.'),
(153, 'The British', 8, NULL, 'War and Peace: The factual series closes with the turbulent and triumphant 20th century. CGI and drama re-create World War I and Queen Elizabeth II''s coronation. (7/7) Also in HD'),
(154, 'BBC News', 1, NULL, 'BBC One joins the BBC''s rolling news channel for a night of news, with bulletins on the hour and the headlines every 15 minutes. Also in HD. [S]'),
(155, 'Teleshopping', 9, NULL, 'Shopping from home.'),
(156, 'Flood Chaos: Winter Road Rescue', 5, NULL, 'Reality series follows RAC patrols, specialist heavy recovery companies and snow plough drivers who work 24/7 to make sure the UK does not grind to a halt when winter weather hits. (Ep 1)'),
(157, 'The British', 8, NULL, 'War and Peace: The factual series closes with the turbulent and triumphant 20th century. CGI and drama re-create World War I and Queen Elizabeth II''s coronation. (7/7) Also in HD'),
(158, 'Flood Chaos: Winter Road Rescue', 5, NULL, 'Reality series follows RAC patrols, specialist heavy recovery companies and snow plough drivers who work 24/7 to make sure the UK does not grind to a halt when winter weather hits. (Ep 1)'),
(159, 'Border Security: Canada''s...', 6, NULL, '...Front Line. A Russian dissident''s complicated past raises questions, and officers wonder why a Korean tourist would bring his CV and school diplomas on a vacation. (S1, ep 11) Also in HD'),
(160, 'The Real A & E', 7, NULL, 'The RAF come to the rescue when an 18 year old falls 200 feet down a cliff in Yorkshire. Elsewhere a mountain biker crashes off his bike on a remote woodland track. (S2, ep 20)'),
(161, 'BBC News', 1, NULL, 'BBC One joins the BBC''s rolling news channel for a night of news, with bulletins on the hour and the headlines every 15 minutes. Also in HD. [S]'),
(162, 'Border Security: Canada''s...', 6, NULL, '...Front Line. A Russian dissident''s complicated past raises questions, and officers wonder why a Korean tourist would bring his CV and school diplomas on a vacation. (S1, ep 11) Also in HD'),
(163, 'Teleshopping', 9, NULL, 'Shopping from home.'),
(164, 'Flood Chaos: Winter Road Rescue', 5, NULL, 'Reality series follows RAC patrols, specialist heavy recovery companies and snow plough drivers who work 24/7 to make sure the UK does not grind to a halt when winter weather hits. (Ep 1)'),
(165, 'ITV Nightscreen', 3, NULL, 'Text-based information service.'),
(166, '', 4, NULL, ''),
(167, 'This Is BBC Two', 2, NULL, 'Highlights of programmes on BBC Two. Also in HD. [S]'),
(168, 'The Real A & E', 7, NULL, 'The RAF come to the rescue when an 18 year old falls 200 feet down a cliff in Yorkshire. Elsewhere a mountain biker crashes off his bike on a remote woodland track. (S2, ep 20)'),
(169, 'Teleshopping', 9, NULL, 'Shopping from home.'),
(170, 'This Is BBC Two', 2, NULL, 'Highlights of programmes on BBC Two. Also in HD. [S]'),
(171, 'The Real A & E', 7, NULL, 'The RAF come to the rescue when an 18 year old falls 200 feet down a cliff in Yorkshire. Elsewhere a mountain biker crashes off his bike on a remote woodland track. (S2, ep 20)'),
(172, 'The British', 8, NULL, 'War and Peace: The factual series closes with the turbulent and triumphant 20th century. CGI and drama re-create World War I and Queen Elizabeth II''s coronation. (7/7) Also in HD'),
(173, 'Border Security: Canada''s...', 6, NULL, '...Front Line. A Russian dissident''s complicated past raises questions, and officers wonder why a Korean tourist would bring his CV and school diplomas on a vacation. (S1, ep 11) Also in HD'),
(174, 'BBC News', 1, NULL, 'BBC One joins the BBC''s rolling news channel for a night of news, with bulletins on the hour and the headlines every 15 minutes. Also in HD. [S]'),
(175, 'Teleshopping', 9, NULL, 'Shopping from home.'),
(176, 'ITV Nightscreen', 3, NULL, 'Text-based information service.'),
(177, 'The Real A & E', 7, NULL, 'The RAF come to the rescue when an 18 year old falls 200 feet down a cliff in Yorkshire. Elsewhere a mountain biker crashes off his bike on a remote woodland track. (S2, ep 20)'),
(178, 'House Doctor', 5, NULL, 'Ann Maurice provides home improvement advice for properties that are proving difficult to sell. Ann focuses on an arty garden flat in London''s Kensal Green. (S6 Ep 3)'),
(179, 'ITV Nightscreen', 3, NULL, 'Text-based information service.'),
(180, 'The British', 8, NULL, 'War and Peace: The factual series closes with the turbulent and triumphant 20th century. CGI and drama re-create World War I and Queen Elizabeth II''s coronation. (7/7) Also in HD'),
(181, 'The Real A & E', 7, NULL, 'The RAF come to the rescue when an 18 year old falls 200 feet down a cliff in Yorkshire. Elsewhere a mountain biker crashes off his bike on a remote woodland track. (S2, ep 20)'),
(182, 'This Is BBC Two', 2, NULL, 'Highlights of programmes on BBC Two. Also in HD. [S]'),
(183, 'BBC News', 1, NULL, 'BBC One joins the BBC''s rolling news channel for a night of news, with bulletins on the hour and the headlines every 15 minutes. Also in HD. [S]'),
(184, 'The British', 8, NULL, 'War and Peace: The factual series closes with the turbulent and triumphant 20th century. CGI and drama re-create World War I and Queen Elizabeth II''s coronation. (7/7) Also in HD'),
(185, 'This Is BBC Two', 2, NULL, 'Highlights of programmes on BBC Two. Also in HD. [S]'),
(186, 'House Doctor', 5, NULL, 'Ann Maurice provides home improvement advice for properties that are proving difficult to sell. Ann focuses on an arty garden flat in London''s Kensal Green. (S6 Ep 3)'),
(187, 'Teleshopping', 9, NULL, 'Shopping from home.'),
(188, 'BBC News', 1, NULL, 'BBC One joins the BBC''s rolling news channel for a night of news, with bulletins on the hour and the headlines every 15 minutes. Also in HD. [S]'),
(189, 'The British', 8, NULL, 'War and Peace: The factual series closes with the turbulent and triumphant 20th century. CGI and drama re-create World War I and Queen Elizabeth II''s coronation. (7/7) Also in HD'),
(190, 'The British', 8, NULL, 'War and Peace: The factual series closes with the turbulent and triumphant 20th century. CGI and drama re-create World War I and Queen Elizabeth II''s coronation. (7/7) Also in HD'),
(191, 'Border Security: Canada''s...', 6, NULL, '...Front Line. A Russian dissident''s complicated past raises questions, and officers wonder why a Korean tourist would bring his CV and school diplomas on a vacation. (S1, ep 11) Also in HD'),
(192, 'The Real A & E', 7, NULL, 'The RAF come to the rescue when an 18 year old falls 200 feet down a cliff in Yorkshire. Elsewhere a mountain biker crashes off his bike on a remote woodland track. (S2, ep 20)'),
(193, 'House Doctor', 5, NULL, 'Ann Maurice provides home improvement advice for properties that are proving difficult to sell. Ann focuses on an arty garden flat in London''s Kensal Green. (S6 Ep 3)'),
(194, 'BBC News', 1, NULL, 'BBC One joins the BBC''s rolling news channel for a night of news, with bulletins on the hour and the headlines every 15 minutes. Also in HD. [S]'),
(195, 'Border Security: Canada''s...', 6, NULL, '...Front Line. A Russian dissident''s complicated past raises questions, and officers wonder why a Korean tourist would bring his CV and school diplomas on a vacation. (S1, ep 11) Also in HD'),
(196, 'The British', 8, NULL, 'War and Peace: The factual series closes with the turbulent and triumphant 20th century. CGI and drama re-create World War I and Queen Elizabeth II''s coronation. (7/7) Also in HD'),
(197, 'This Is BBC Two', 2, NULL, 'Highlights of programmes on BBC Two. Also in HD. [S]'),
(198, 'Border Security: Canada''s...', 6, NULL, '...Front Line. A Russian dissident''s complicated past raises questions, and officers wonder why a Korean tourist would bring his CV and school diplomas on a vacation. (S1, ep 11) Also in HD'),
(199, 'The British', 8, NULL, 'War and Peace: The factual series closes with the turbulent and triumphant 20th century. CGI and drama re-create World War I and Queen Elizabeth II''s coronation. (7/7) Also in HD'),
(200, 'Teleshopping', 9, NULL, 'Shopping from home.'),
(201, 'This Is BBC Two', 2, NULL, 'Highlights of programmes on BBC Two. Also in HD. [S]'),
(202, 'House Doctor', 5, NULL, 'Ann Maurice provides home improvement advice for properties that are proving difficult to sell. Ann focuses on an arty garden flat in London''s Kensal Green. (S6 Ep 3)'),
(203, 'The Real A & E', 7, NULL, 'The RAF come to the rescue when an 18 year old falls 200 feet down a cliff in Yorkshire. Elsewhere a mountain biker crashes off his bike on a remote woodland track. (S2, ep 20)'),
(204, 'House Doctor', 5, NULL, 'Ann Maurice provides home improvement advice for properties that are proving difficult to sell. Ann focuses on an arty garden flat in London''s Kensal Green. (S6 Ep 3)'),
(205, 'Teleshopping', 9, NULL, 'Shopping from home.'),
(206, 'The British', 8, NULL, 'War and Peace: The factual series closes with the turbulent and triumphant 20th century. CGI and drama re-create World War I and Queen Elizabeth II''s coronation. (7/7) Also in HD'),
(207, 'This Is BBC Two', 2, NULL, 'Highlights of programmes on BBC Two. Also in HD. [S]'),
(208, 'Road Wars', 6, NULL, 'The Thames Valley Police provide a fascinating insight into car crime and its prevention. Plus, shocking video footage captures dangerous drivers in action. Strong language. (S2, ep 1)'),
(209, 'BBC News', 1, NULL, 'BBC One joins the BBC''s rolling news channel for a night of news, with bulletins on the hour and the headlines every 15 minutes. Also in HD. [S]'),
(210, 'ITV Nightscreen', 3, NULL, 'Text-based information service.'),
(211, 'This Is BBC Two', 2, NULL, 'Highlights of programmes on BBC Two. Also in HD. [S]'),
(212, 'Making David Attenborough''s...', 8, NULL, '...Micro Monsters. An insider''s look at Sir David Attenborough''s innovative documentary. Also in HD'),
(213, 'This Is BBC Two', 2, NULL, 'Highlights of programmes on BBC Two. Also in HD. [S]'),
(214, 'ITV Nightscreen', 3, NULL, 'Text-based information service.'),
(215, 'Teleshopping', 9, NULL, 'Shopping from home.'),
(216, 'Making David Attenborough''s...', 8, NULL, '...Micro Monsters. An insider''s look at Sir David Attenborough''s innovative documentary. Also in HD'),
(217, 'BBC News', 1, NULL, 'BBC One joins the BBC''s rolling news channel for a night of news, with bulletins on the hour and the headlines every 15 minutes. Also in HD. [S]'),
(218, 'UK Border Force', 7, NULL, 'Observational documentary series gaining exclusive access to the UK Border Agency to reveal the action behind the scenes of immigration at Heathrow and in Calais. (S1, ep 1)'),
(219, 'BBC News', 1, NULL, 'BBC One joins the BBC''s rolling news channel for a night of news, with bulletins on the hour and the headlines every 15 minutes. Also in HD. [S]'),
(220, 'Teleshopping', 9, NULL, 'Shopping from home.'),
(221, 'UK Border Force', 7, NULL, 'Observational documentary series gaining exclusive access to the UK Border Agency to reveal the action behind the scenes of immigration at Heathrow and in Calais. (S1, ep 1)'),
(222, 'ITV Nightscreen', 3, NULL, 'Text-based information service.'),
(223, 'House Doctor', 5, NULL, 'Ann Maurice provides home improvement advice for properties that are proving difficult to sell. Ann focuses on an arty garden flat in London''s Kensal Green. (S6 Ep 3)'),
(224, 'Road Wars', 6, NULL, 'The Thames Valley Police provide a fascinating insight into car crime and its prevention. Plus, shocking video footage captures dangerous drivers in action. Strong language. (S2, ep 1)'),
(225, 'ITV Nightscreen', 3, NULL, 'Text-based information service.'),
(226, 'Teleshopping', 9, NULL, 'Shopping from home.'),
(227, 'BBC News', 1, NULL, 'BBC One joins the BBC''s rolling news channel for a night of news, with bulletins on the hour and the headlines every 15 minutes. Also in HD. [S]'),
(228, 'Road Wars', 6, NULL, 'The Thames Valley Police provide a fascinating insight into car crime and its prevention. Plus, shocking video footage captures dangerous drivers in action. Strong language. (S2, ep 1)'),
(229, 'BBC News', 1, NULL, 'BBC One joins the BBC''s rolling news channel for a night of news, with bulletins on the hour and the headlines every 15 minutes. Also in HD. [S]'),
(230, 'This Is BBC Two', 2, NULL, 'Highlights of programmes on BBC Two. Also in HD. [S]'),
(231, 'Teleshopping', 9, NULL, 'Shopping from home.'),
(232, 'UK Border Force', 7, NULL, 'Observational documentary series gaining exclusive access to the UK Border Agency to reveal the action behind the scenes of immigration at Heathrow and in Calais. (S1, ep 1)'),
(233, 'ITV Nightscreen', 3, NULL, 'Text-based information service.'),
(234, 'Teleshopping', 9, NULL, 'Shopping from home.'),
(235, 'Making David Attenborough''s...', 8, NULL, '...Micro Monsters. An insider''s look at Sir David Attenborough''s innovative documentary. Also in HD'),
(236, 'House Doctor', 5, NULL, 'Ann Maurice provides home improvement advice for properties that are proving difficult to sell. Ann focuses on an arty garden flat in London''s Kensal Green. (S6 Ep 3)'),
(237, 'Making David Attenborough''s...', 8, NULL, '...Micro Monsters. An insider''s look at Sir David Attenborough''s innovative documentary. Also in HD'),
(238, 'ITV Nightscreen', 3, NULL, 'Text-based information service.'),
(239, 'UK Border Force', 7, NULL, 'Observational documentary series gaining exclusive access to the UK Border Agency to reveal the action behind the scenes of immigration at Heathrow and in Calais. (S1, ep 1)'),
(240, 'House Doctor', 5, NULL, 'Ann Maurice provides home improvement advice for properties that are proving difficult to sell. Ann focuses on an arty garden flat in London''s Kensal Green. (S6 Ep 3)'),
(241, 'Teleshopping', 9, NULL, 'Shopping from home.'),
(242, 'UK Border Force', 7, NULL, 'Observational documentary series gaining exclusive access to the UK Border Agency to reveal the action behind the scenes of immigration at Heathrow and in Calais. (S1, ep 1)'),
(243, 'This Is BBC Two', 2, NULL, 'Highlights of programmes on BBC Two. Also in HD. [S]'),
(244, 'House Doctor', 5, NULL, 'Ann Maurice provides home improvement advice for properties that are proving difficult to sell. Ann focuses on an arty garden flat in London''s Kensal Green. (S6 Ep 3)'),
(245, 'BBC News', 1, NULL, 'BBC One joins the BBC''s rolling news channel for a night of news, with bulletins on the hour and the headlines every 15 minutes. Also in HD. [S]'),
(246, 'BBC News', 1, NULL, 'BBC One joins the BBC''s rolling news channel for a night of news, with bulletins on the hour and the headlines every 15 minutes. Also in HD. [S]'),
(247, 'This Is BBC Two', 2, NULL, 'Highlights of programmes on BBC Two. Also in HD. [S]'),
(248, 'Making David Attenborough''s...', 8, NULL, '...Micro Monsters. An insider''s look at Sir David Attenborough''s innovative documentary. Also in HD'),
(249, 'Teleshopping', 9, NULL, 'Shopping from home.'),
(250, 'BBC News', 1, NULL, 'BBC One joins the BBC''s rolling news channel for a night of news, with bulletins on the hour and the headlines every 15 minutes. Also in HD. [S]'),
(251, 'Teleshopping', 9, NULL, 'Shopping from home.'),
(252, 'Making David Attenborough''s...', 8, NULL, '...Micro Monsters. An insider''s look at Sir David Attenborough''s innovative documentary. Also in HD'),
(253, 'This Is BBC Two', 2, NULL, 'Highlights of programmes on BBC Two. Also in HD. [S]'),
(254, 'Teleshopping', 9, NULL, 'Shopping from home.'),
(255, 'Road Wars', 6, NULL, 'The Thames Valley Police provide a fascinating insight into car crime and its prevention. Plus, shocking video footage captures dangerous drivers in action. Strong language. (S2, ep 1)'),
(256, 'UK Border Force', 7, NULL, 'Observational documentary series gaining exclusive access to the UK Border Agency to reveal the action behind the scenes of immigration at Heathrow and in Calais. (S1, ep 1)'),
(257, 'BBC News', 1, NULL, 'BBC One joins the BBC''s rolling news channel for a night of news, with bulletins on the hour and the headlines every 15 minutes. Also in HD. [S]'),
(258, 'Making David Attenborough''s...', 8, NULL, '...Micro Monsters. An insider''s look at Sir David Attenborough''s innovative documentary. Also in HD'),
(259, 'House Doctor', 5, NULL, 'Ann Maurice provides home improvement advice for properties that are proving difficult to sell. Ann focuses on an arty garden flat in London''s Kensal Green. (S6 Ep 3)'),
(260, 'Road Wars', 6, NULL, 'The Thames Valley Police provide a fascinating insight into car crime and its prevention. Plus, shocking video footage captures dangerous drivers in action. Strong language. (S2, ep 1)'),
(261, 'BBC News', 1, NULL, 'BBC One joins the BBC''s rolling news channel for a night of news, with bulletins on the hour and the headlines every 15 minutes. Also in HD. [S]'),
(262, 'This Is BBC Two', 2, NULL, 'Highlights of programmes on BBC Two. Also in HD. [S]'),
(263, 'UK Border Force', 7, NULL, 'Observational documentary series gaining exclusive access to the UK Border Agency to reveal the action behind the scenes of immigration at Heathrow and in Calais. (S1, ep 1)'),
(264, 'Teleshopping', 9, NULL, 'Shopping from home.'),
(265, 'ITV Nightscreen', 3, NULL, 'Text-based information service.'),
(266, 'BBC News', 1, NULL, 'BBC One joins the BBC''s rolling news channel for a night of news, with bulletins on the hour and the headlines every 15 minutes. Also in HD. [S]'),
(267, 'Teleshopping', 9, NULL, 'Shopping from home.'),
(268, 'Making David Attenborough''s...', 8, NULL, '...Micro Monsters. An insider''s look at Sir David Attenborough''s innovative documentary. Also in HD'),
(269, 'This Is BBC Two', 2, NULL, 'Highlights of programmes on BBC Two. Also in HD. [S]'),
(270, 'UK Border Force', 7, NULL, 'Observational documentary series gaining exclusive access to the UK Border Agency to reveal the action behind the scenes of immigration at Heathrow and in Calais. (S1, ep 1)'),
(271, 'This Is BBC Two', 2, NULL, 'Highlights of programmes on BBC Two. Also in HD. [S]'),
(272, 'Road Wars', 6, NULL, 'The Thames Valley Police provide a fascinating insight into car crime and its prevention. Plus, shocking video footage captures dangerous drivers in action. Strong language. (S2, ep 1)'),
(273, 'Teleshopping', 9, NULL, 'Shopping from home.'),
(274, 'This Is BBC Two', 2, NULL, 'Highlights of programmes on BBC Two. Also in HD. [S]'),
(275, 'Road Wars', 6, NULL, 'The Thames Valley Police provide a fascinating insight into car crime and its prevention. Plus, shocking video footage captures dangerous drivers in action. Strong language. (S2, ep 1)'),
(276, 'UK Border Force', 7, NULL, 'Observational documentary series gaining exclusive access to the UK Border Agency to reveal the action behind the scenes of immigration at Heathrow and in Calais. (S1, ep 1)'),
(277, 'BBC News', 1, NULL, 'BBC One joins the BBC''s rolling news channel for a night of news, with bulletins on the hour and the headlines every 15 minutes. Also in HD. [S]'),
(278, 'Teleshopping', 9, NULL, 'Shopping from home.'),
(279, 'Road Wars', 6, NULL, 'The Thames Valley Police provide a fascinating insight into car crime and its prevention. Plus, shocking video footage captures dangerous drivers in action. Strong language. (S2, ep 1)'),
(280, 'ITV Nightscreen', 3, NULL, 'Text-based information service.'),
(281, 'ITV Nightscreen', 3, NULL, 'Text-based information service.'),
(282, 'UK Border Force', 7, NULL, 'Observational documentary series gaining exclusive access to the UK Border Agency to reveal the action behind the scenes of immigration at Heathrow and in Calais. (S1, ep 1)'),
(283, 'Road Wars', 6, NULL, 'The Thames Valley Police provide a fascinating insight into car crime and its prevention. Plus, shocking video footage captures dangerous drivers in action. Strong language. (S2, ep 1)'),
(284, 'Teleshopping', 9, NULL, 'Shopping from home.'),
(285, 'This Is BBC Two', 2, NULL, 'Highlights of programmes on BBC Two. Also in HD. [S]'),
(286, 'Road Wars', 6, NULL, 'The Thames Valley Police provide a fascinating insight into car crime and its prevention. Plus, shocking video footage captures dangerous drivers in action. Strong language. (S2, ep 1)'),
(287, 'ITV Nightscreen', 3, NULL, 'Text-based information service.'),
(288, 'Road Wars', 6, NULL, 'The Thames Valley Police provide a fascinating insight into car crime and its prevention. Plus, shocking video footage captures dangerous drivers in action. Strong language. (S2, ep 1)'),
(289, 'ITV Nightscreen', 3, NULL, 'Text-based information service.'),
(290, 'This Is BBC Two', 2, NULL, 'Highlights of programmes on BBC Two. Also in HD. [S]'),
(291, 'This Is BBC Two', 2, NULL, 'Highlights of programmes on BBC Two. Also in HD. [S]'),
(292, 'UK Border Force', 7, NULL, 'Observational documentary series gaining exclusive access to the UK Border Agency to reveal the action behind the scenes of immigration at Heathrow and in Calais. (S1, ep 1)'),
(293, 'ITV Nightscreen', 3, NULL, 'Text-based information service.'),
(294, 'Road Wars', 6, NULL, 'The Thames Valley Police provide a fascinating insight into car crime and its prevention. Plus, shocking video footage captures dangerous drivers in action. Strong language. (S2, ep 1)'),
(295, 'This Is BBC Two', 2, NULL, 'Highlights of programmes on BBC Two. Also in HD. [S]'),
(296, 'Road Wars', 6, NULL, 'The Thames Valley Police provide a fascinating insight into car crime and its prevention. Plus, shocking video footage captures dangerous drivers in action. Strong language. (S2, ep 1)'),
(297, 'BBC News', 1, NULL, 'BBC One joins the BBC''s rolling news channel for a night of news, with bulletins on the hour and the headlines every 15 minutes. Also in HD. [S]'),
(298, 'Making David Attenborough''s...', 8, NULL, '...Micro Monsters. An insider''s look at Sir David Attenborough''s innovative documentary. Also in HD'),
(299, 'Teleshopping', 9, NULL, 'Shopping from home.'),
(300, 'Road Wars', 6, NULL, 'The Thames Valley Police provide a fascinating insight into car crime and its prevention. Plus, shocking video footage captures dangerous drivers in action. Strong language. (S2, ep 1)'),
(301, 'BBC News', 1, NULL, 'BBC One joins the BBC''s rolling news channel for a night of news, with bulletins on the hour and the headlines every 15 minutes. Also in HD. [S]'),
(302, 'Road Wars', 6, NULL, 'The Thames Valley Police provide a fascinating insight into car crime and its prevention. Plus, shocking video footage captures dangerous drivers in action. Strong language. (S2, ep 1)'),
(303, 'Making David Attenborough''s...', 8, NULL, '...Micro Monsters. An insider''s look at Sir David Attenborough''s innovative documentary. Also in HD'),
(304, 'This Is BBC Two', 2, NULL, 'Highlights of programmes on BBC Two. Also in HD. [S]'),
(305, 'UK Border Force', 7, NULL, 'Observational documentary series gaining exclusive access to the UK Border Agency to reveal the action behind the scenes of immigration at Heathrow and in Calais. (S1, ep 1)'),
(306, 'BBC News', 1, NULL, 'BBC One joins the BBC''s rolling news channel for a night of news, with bulletins on the hour and the headlines every 15 minutes. Also in HD. [S]'),
(307, 'ITV Nightscreen', 3, NULL, 'Text-based information service.'),
(308, 'Making David Attenborough''s...', 8, NULL, '...Micro Monsters. An insider''s look at Sir David Attenborough''s innovative documentary. Also in HD'),
(309, 'House Doctor', 5, NULL, 'Ann Maurice provides home improvement advice for properties. Ann visits a three-bedroom semi-detached house in Spennymoor. (S6 Ep 4)'),
(310, 'This Is BBC Two', 2, NULL, 'Highlights of programmes on BBC Two. Also in HD. [S]'),
(311, 'Making David Attenborough''s...', 8, NULL, '...Micro Monsters. An insider''s look at Sir David Attenborough''s innovative documentary. Also in HD'),
(312, 'BBC News', 1, NULL, 'BBC One joins the BBC''s rolling news channel for a night of news, with bulletins on the hour and the headlines every 15 minutes. Also in HD. [S]'),
(313, 'This Is BBC Two', 2, NULL, 'Highlights of programmes on BBC Two. Also in HD. [S]'),
(314, 'Making David Attenborough''s...', 8, NULL, '...Micro Monsters. An insider''s look at Sir David Attenborough''s innovative documentary. Also in HD'),
(315, 'ITV Nightscreen', 3, NULL, 'Text-based information service.'),
(316, 'UK Border Force', 7, NULL, 'Observational documentary series gaining exclusive access to the UK Border Agency to reveal the action behind the scenes of immigration at Heathrow and in Calais. (S1, ep 1)'),
(317, 'Teleshopping', 9, NULL, 'Shopping from home.'),
(318, 'House Doctor', 5, NULL, 'Ann Maurice provides home improvement advice for properties. Ann visits a three-bedroom semi-detached house in Spennymoor. (S6 Ep 4)'),
(319, 'This Is BBC Two', 2, NULL, 'Highlights of programmes on BBC Two. Also in HD. [S]'),
(320, 'Making David Attenborough''s...', 8, NULL, '...Micro Monsters. An insider''s look at Sir David Attenborough''s innovative documentary. Also in HD'),
(321, 'Road Wars', 6, NULL, 'The Thames Valley Police provide a fascinating insight into car crime and its prevention. Plus, shocking video footage captures dangerous drivers in action. Strong language. (S2, ep 1)'),
(322, 'This Is BBC Two', 2, NULL, 'Highlights of programmes on BBC Two. Also in HD. [S]'),
(323, 'Angels Of Jarm', 5, NULL, 'Animation in which angels help the kids of Jarm to overcome problems. The playgroup have gone for a picnic, but Jess takes all the food. Angel Mick is sent to have a word. [SL] (S1 Ep 3)'),
(324, 'UK Border Force', 7, NULL, 'Observational documentary series gaining exclusive access to the UK Border Agency to reveal the action behind the scenes of immigration at Heathrow and in Calais. (S1, ep 1)'),
(325, 'This Is BBC Two', 2, NULL, 'Highlights of programmes on BBC Two. Also in HD. [S]'),
(326, 'Angels Of Jarm', 5, NULL, 'Animation in which angels help the kids of Jarm to overcome problems. The playgroup have gone for a picnic, but Jess takes all the food. Angel Mick is sent to have a word. [SL] (S1 Ep 3)'),
(327, 'BBC News', 1, NULL, 'BBC One joins the BBC''s rolling news channel for a night of news, with bulletins on the hour and the headlines every 15 minutes. Also in HD. [S]'),
(328, 'Teleshopping', 9, NULL, 'Shopping from home.'),
(329, 'Angels Of Jarm', 5, NULL, 'Animation in which angels help the kids of Jarm to overcome problems. The playgroup have gone for a picnic, but Jess takes all the food. Angel Mick is sent to have a word. [SL] (S1 Ep 3)'),
(330, 'UK Border Force', 7, NULL, 'Observational documentary series gaining exclusive access to the UK Border Agency to reveal the action behind the scenes of immigration at Heathrow and in Calais. (S1, ep 1)'),
(331, 'Angels Of Jarm', 5, NULL, 'Animation in which angels help the kids of Jarm to overcome problems. The playgroup have gone for a picnic, but Jess takes all the food. Angel Mick is sent to have a word. [SL] (S1 Ep 3)');
INSERT INTO `programs` (`id`, `name`, `channel_id`, `image`, `short_desc`) VALUES
(332, 'Road Wars', 6, NULL, 'The Thames Valley Police provide a fascinating insight into car crime and its prevention. Plus, shocking video footage captures dangerous drivers in action. Strong language. (S2, ep 1)'),
(333, 'Making David Attenborough''s...', 8, NULL, '...Micro Monsters. An insider''s look at Sir David Attenborough''s innovative documentary. Also in HD'),
(334, 'BBC News', 1, NULL, 'BBC One joins the BBC''s rolling news channel for a night of news, with bulletins on the hour and the headlines every 15 minutes. Also in HD. [S]'),
(335, 'This Is BBC Two', 2, NULL, 'Highlights of programmes on BBC Two. Also in HD. [S]'),
(336, 'UK Border Force', 7, NULL, 'Observational documentary series gaining exclusive access to the UK Border Agency to reveal the action behind the scenes of immigration at Heathrow and in Calais. (S1, ep 1)'),
(337, 'ITV Nightscreen', 3, NULL, 'Text-based information service.'),
(338, 'BBC News', 1, NULL, 'BBC One joins the BBC''s rolling news channel for a night of news, with bulletins on the hour and the headlines every 15 minutes. Also in HD. [S]'),
(339, 'ITV Nightscreen', 3, NULL, 'Text-based information service.'),
(340, 'UK Border Force', 7, NULL, 'Observational documentary series gaining exclusive access to the UK Border Agency to reveal the action behind the scenes of immigration at Heathrow and in Calais. (S1, ep 1)'),
(341, 'Making David Attenborough''s...', 8, NULL, '...Micro Monsters. An insider''s look at Sir David Attenborough''s innovative documentary. Also in HD'),
(342, 'BBC News', 1, NULL, 'BBC One joins the BBC''s rolling news channel for a night of news, with bulletins on the hour and the headlines every 15 minutes. Also in HD. [S]'),
(343, 'This Is BBC Two', 2, NULL, 'Highlights of programmes on BBC Two. Also in HD. [S]'),
(344, 'Angels Of Jarm', 5, NULL, 'Animation in which angels help the kids of Jarm to overcome problems. The playgroup have gone for a picnic, but Jess takes all the food. Angel Mick is sent to have a word. [SL] (S1 Ep 3)'),
(345, 'Making David Attenborough''s...', 8, NULL, '...Micro Monsters. An insider''s look at Sir David Attenborough''s innovative documentary. Also in HD'),
(346, 'Road Wars', 6, NULL, 'The Thames Valley Police provide a fascinating insight into car crime and its prevention. Plus, shocking video footage captures dangerous drivers in action. Strong language. (S2, ep 1)'),
(347, 'ITV Nightscreen', 3, NULL, 'Text-based information service.'),
(348, 'Teleshopping', 9, NULL, 'Shopping from home.'),
(349, 'Angels Of Jarm', 5, NULL, 'Animation in which angels help the kids of Jarm to overcome problems. The playgroup have gone for a picnic, but Jess takes all the food. Angel Mick is sent to have a word. [SL] (S1 Ep 3)'),
(350, 'This Is BBC Two', 2, NULL, 'Highlights of programmes on BBC Two. Also in HD. [S]'),
(351, 'This Is BBC Two', 2, NULL, 'Highlights of programmes on BBC Two. Also in HD. [S]'),
(352, 'Making David Attenborough''s...', 8, NULL, '...Micro Monsters. An insider''s look at Sir David Attenborough''s innovative documentary. Also in HD'),
(353, 'Teleshopping', 9, NULL, 'Shopping from home.'),
(354, 'BBC News', 1, NULL, 'BBC One joins the BBC''s rolling news channel for a night of news, with bulletins on the hour and the headlines every 15 minutes. Also in HD. [S]'),
(355, 'This Is BBC Two', 2, NULL, 'Highlights of programmes on BBC Two. Also in HD. [S]'),
(356, 'Teleshopping', 9, NULL, 'Shopping from home.'),
(357, 'Roary The Racing Car', 5, NULL, 'Animated adventures of the cheerful racing car. Rusty is fed up of sitting in one place, so Roary and the other cars plan a special surprise for him. [SL] (S1 Ep 44)'),
(358, 'This Is BBC Two', 2, NULL, 'Highlights of programmes on BBC Two. Also in HD. [S]'),
(359, 'ITV Nightscreen', 3, NULL, 'Text-based information service.'),
(360, 'Teleshopping', 9, NULL, 'Shopping from home.'),
(361, 'Teleshopping', 9, NULL, 'Shopping from home.'),
(362, 'ITV Nightscreen', 3, NULL, 'Text-based information service.'),
(363, 'BBC News', 1, NULL, 'BBC One joins the BBC''s rolling news channel for a night of news, with bulletins on the hour and the headlines every 15 minutes. Also in HD. [S]'),
(364, 'Road Wars', 6, NULL, 'The Thames Valley Police provide a fascinating insight into car crime and its prevention. Plus, shocking video footage captures dangerous drivers in action. Strong language. (S2, ep 1)'),
(365, 'BBC News', 1, NULL, 'BBC One joins the BBC''s rolling news channel for a night of news, with bulletins on the hour and the headlines every 15 minutes. Also in HD. [S]'),
(366, 'ITV Nightscreen', 3, NULL, 'Text-based information service.'),
(367, 'Teleshopping', 9, NULL, 'Shopping from home.'),
(368, 'BBC News', 1, NULL, 'BBC One joins the BBC''s rolling news channel for a night of news, with bulletins on the hour and the headlines every 15 minutes. Also in HD. [S]'),
(369, 'Roary The Racing Car', 5, NULL, 'Animated adventures of the cheerful racing car. Rusty is fed up of sitting in one place, so Roary and the other cars plan a special surprise for him. [SL] (S1 Ep 44)'),
(370, 'Teleshopping', 9, NULL, 'Shopping from home.'),
(371, 'Roary The Racing Car', 5, NULL, 'Animated adventures of the cheerful racing car. Rusty is fed up of sitting in one place, so Roary and the other cars plan a special surprise for him. [SL] (S1 Ep 44)'),
(372, 'This Is BBC Two', 2, NULL, 'Highlights of programmes on BBC Two. Also in HD. [S]'),
(373, 'UK Border Force', 7, NULL, 'Observational documentary series gaining exclusive access to the UK Border Agency to reveal the action behind the scenes of immigration at Heathrow and in Calais. (S1, ep 1)'),
(374, 'Teleshopping', 9, NULL, 'Shopping from home.'),
(375, 'Making David Attenborough''s...', 8, NULL, '...Micro Monsters. An insider''s look at Sir David Attenborough''s innovative documentary. Also in HD'),
(376, 'Roary The Racing Car', 5, NULL, 'Animated adventures of the cheerful racing car. Rusty is fed up of sitting in one place, so Roary and the other cars plan a special surprise for him. [SL] (S1 Ep 44)'),
(377, 'ITV Nightscreen', 3, NULL, 'Text-based information service.'),
(378, 'This Is BBC Two', 2, NULL, 'Highlights of programmes on BBC Two. Also in HD. [S]'),
(379, 'ITV Nightscreen', 3, NULL, 'Text-based information service.'),
(380, 'Roary The Racing Car', 5, NULL, 'Animated adventures of the cheerful racing car. Rusty is fed up of sitting in one place, so Roary and the other cars plan a special surprise for him. [SL] (S1 Ep 44)'),
(381, 'ITV Nightscreen', 3, NULL, 'Text-based information service.'),
(382, 'Roary The Racing Car', 5, NULL, 'Animated adventures of the cheerful racing car. Rusty is fed up of sitting in one place, so Roary and the other cars plan a special surprise for him. [SL] (S1 Ep 44)'),
(383, 'Making David Attenborough''s...', 8, NULL, '...Micro Monsters. An insider''s look at Sir David Attenborough''s innovative documentary. Also in HD'),
(384, 'Road Wars', 6, NULL, 'The Thames Valley Police provide a fascinating insight into car crime and its prevention. Plus, shocking video footage captures dangerous drivers in action. Strong language. (S2, ep 1)'),
(385, 'BBC News', 1, NULL, 'BBC One joins the BBC''s rolling news channel for a night of news, with bulletins on the hour and the headlines every 15 minutes. Also in HD. [S]'),
(386, 'This Is BBC Two', 2, NULL, 'Highlights of programmes on BBC Two. Also in HD. [S]'),
(387, 'ITV Nightscreen', 3, NULL, 'Text-based information service.'),
(388, 'Roary The Racing Car', 5, NULL, 'Animated adventures of the cheerful racing car. Rusty is fed up of sitting in one place, so Roary and the other cars plan a special surprise for him. [SL] (S1 Ep 44)'),
(389, 'Making David Attenborough''s...', 8, NULL, '...Micro Monsters. An insider''s look at Sir David Attenborough''s innovative documentary. Also in HD'),
(390, 'Road Wars', 6, NULL, 'The Thames Valley Police provide a fascinating insight into car crime and its prevention. Plus, shocking video footage captures dangerous drivers in action. Strong language. (S2, ep 1)'),
(391, 'BBC News', 1, NULL, 'BBC One joins the BBC''s rolling news channel for a night of news, with bulletins on the hour and the headlines every 15 minutes. Also in HD. [S]'),
(392, 'Milkshake Monkey', 5, NULL, 'Preschool series starring an inquisitive puppet. Milkshake Monkey is your guide to a museum! (S3 Ep 15)'),
(393, 'CSI: Crime Scene Investigation', 7, NULL, 'Early Rollout: The team investigate the execution-style murder of a porn-star and her husband, Catherine receives her evaluation and Sara''s personal life is questioned. (S4, ep 15)'),
(394, 'Teleshopping', 9, NULL, 'Shopping from home.'),
(395, 'The Hour Of Power', 6, NULL, 'Tune in for an inspirational boost of positive thinking from Reverend Robert Schuller in his colourful religious broadcast. Also in HD'),
(396, 'CSI: Crime Scene Investigation', 7, NULL, 'Early Rollout: The team investigate the execution-style murder of a porn-star and her husband, Catherine receives her evaluation and Sara''s personal life is questioned. (S4, ep 15)'),
(397, 'Storm City', 8, NULL, 'It''s man versus Mother Nature as Ben Fogle explores the devastating impact of extreme weather, starting with the chaos caused by snow and ice. (1/4) Also in HD'),
(398, 'Teleshopping', 9, NULL, 'Shopping from home.'),
(399, 'Storm City', 8, NULL, 'It''s man versus Mother Nature as Ben Fogle explores the devastating impact of extreme weather, starting with the chaos caused by snow and ice. (1/4) Also in HD'),
(400, 'Breakfast', 1, NULL, 'The latest news, sport, business and weather from the BBC''s Breakfast team. Also in HD. [S]'),
(401, 'Angelina Ballerina', 5, NULL, 'Angelina''s Fancy Tutu: Animation. Angelina''s story of how she found her new tutu is a highly entertaining parody of the Cinderella fairy tale. But who is its rightful owner? (S6 Ep 1)'),
(402, 'The Hour Of Power', 6, NULL, 'Tune in for an inspirational boost of positive thinking from Reverend Robert Schuller in his colourful religious broadcast. Also in HD'),
(403, 'Storm City', 8, NULL, 'It''s man versus Mother Nature as Ben Fogle explores the devastating impact of extreme weather, starting with the chaos caused by snow and ice. (1/4) Also in HD'),
(404, 'Angelina Ballerina', 5, NULL, 'Angelina''s Fancy Tutu: Animation. Angelina''s story of how she found her new tutu is a highly entertaining parody of the Cinderella fairy tale. But who is its rightful owner? (S6 Ep 1)'),
(405, 'This Is BBC Two', 2, NULL, 'Highlights of programmes on BBC Two. Also in HD. [S]'),
(406, 'CSI: Crime Scene Investigation', 7, NULL, 'Early Rollout: The team investigate the execution-style murder of a porn-star and her husband, Catherine receives her evaluation and Sara''s personal life is questioned. (S4, ep 15)'),
(407, 'Breakfast', 1, NULL, 'The latest news, sport, business and weather from the BBC''s Breakfast team. Also in HD. [S]'),
(408, 'Angelina Ballerina', 5, NULL, 'Angelina''s Fancy Tutu: Animation. Angelina''s story of how she found her new tutu is a highly entertaining parody of the Cinderella fairy tale. But who is its rightful owner? (S6 Ep 1)'),
(409, 'Angelina Ballerina', 5, NULL, 'Angelina''s Fancy Tutu: Animation. Angelina''s story of how she found her new tutu is a highly entertaining parody of the Cinderella fairy tale. But who is its rightful owner? (S6 Ep 1)'),
(410, 'This Is BBC Two', 2, NULL, 'Highlights of programmes on BBC Two. Also in HD. [S]'),
(411, 'Teleshopping', 9, NULL, 'Shopping from home.'),
(412, 'The Hour Of Power', 6, NULL, 'Tune in for an inspirational boost of positive thinking from Reverend Robert Schuller in his colourful religious broadcast. Also in HD'),
(413, 'Angelina Ballerina', 5, NULL, 'Angelina''s Fancy Tutu: Animation. Angelina''s story of how she found her new tutu is a highly entertaining parody of the Cinderella fairy tale. But who is its rightful owner? (S6 Ep 1)'),
(414, 'Teleshopping', 9, NULL, 'Shopping from home.'),
(415, 'CSI: Crime Scene Investigation', 7, NULL, 'Early Rollout: The team investigate the execution-style murder of a porn-star and her husband, Catherine receives her evaluation and Sara''s personal life is questioned. (S4, ep 15)'),
(416, 'Grizzly Tales for Gruesome Kids', 3, NULL, 'The Giant Who Grew Too Big for His Boots: Animated stories narrated by Nigel Planer. Huge Hugh is a giant who is always in need of more space, and who gets so big that he bursts. [SL] S2 Ep7'),
(417, 'Storm City', 8, NULL, 'It''s man versus Mother Nature as Ben Fogle explores the devastating impact of extreme weather, starting with the chaos caused by snow and ice. (1/4) Also in HD'),
(418, 'CSI: Crime Scene Investigation', 7, NULL, 'Early Rollout: The team investigate the execution-style murder of a porn-star and her husband, Catherine receives her evaluation and Sara''s personal life is questioned. (S4, ep 15)'),
(419, 'Breakfast', 1, NULL, 'The latest news, sport, business and weather from the BBC''s Breakfast team. Also in HD. [S]'),
(420, 'Angelina Ballerina', 5, NULL, 'Angelina''s Fancy Tutu: Animation. Angelina''s story of how she found her new tutu is a highly entertaining parody of the Cinderella fairy tale. But who is its rightful owner? (S6 Ep 1)'),
(421, 'This Is BBC Two', 2, NULL, 'Highlights of programmes on BBC Two. Also in HD. [S]'),
(422, 'Breakfast', 1, NULL, 'The latest news, sport, business and weather from the BBC''s Breakfast team. Also in HD. [S]'),
(423, 'The Hour Of Power', 6, NULL, 'Tune in for an inspirational boost of positive thinking from Reverend Robert Schuller in his colourful religious broadcast. Also in HD'),
(424, 'Teleshopping', 9, NULL, 'Shopping from home.'),
(425, 'Storm City', 8, NULL, 'It''s man versus Mother Nature as Ben Fogle explores the devastating impact of extreme weather, starting with the chaos caused by snow and ice. (1/4) Also in HD'),
(426, 'Angelina Ballerina', 5, NULL, 'Angelina''s Fancy Tutu: Animation. Angelina''s story of how she found her new tutu is a highly entertaining parody of the Cinderella fairy tale. But who is its rightful owner? (S6 Ep 1)'),
(427, 'The Hour Of Power', 6, NULL, 'Tune in for an inspirational boost of positive thinking from Reverend Robert Schuller in his colourful religious broadcast. Also in HD'),
(428, 'CSI: Crime Scene Investigation', 7, NULL, 'Early Rollout: The team investigate the execution-style murder of a porn-star and her husband, Catherine receives her evaluation and Sara''s personal life is questioned. (S4, ep 15)'),
(429, 'Teleshopping', 9, NULL, 'Shopping from home.'),
(430, 'Breakfast', 1, NULL, 'The latest news, sport, business and weather from the BBC''s Breakfast team. Also in HD. [S]'),
(431, 'Angelina Ballerina', 5, NULL, 'Angelina''s Fancy Tutu: Animation. Angelina''s story of how she found her new tutu is a highly entertaining parody of the Cinderella fairy tale. But who is its rightful owner? (S6 Ep 1)'),
(432, 'Breakfast', 1, NULL, 'The latest news, sport, business and weather from the BBC''s Breakfast team. Also in HD. [S]'),
(433, 'Grizzly Tales for Gruesome Kids', 3, NULL, 'The Giant Who Grew Too Big for His Boots: Animated stories narrated by Nigel Planer. Huge Hugh is a giant who is always in need of more space, and who gets so big that he bursts. [SL] S2 Ep7'),
(434, 'The Hour Of Power', 6, NULL, 'Tune in for an inspirational boost of positive thinking from Reverend Robert Schuller in his colourful religious broadcast. Also in HD'),
(435, 'Angelina Ballerina', 5, NULL, 'Angelina''s Fancy Tutu: Animation. Angelina''s story of how she found her new tutu is a highly entertaining parody of the Cinderella fairy tale. But who is its rightful owner? (S6 Ep 1)'),
(436, 'Teleshopping', 9, NULL, 'Shopping from home.'),
(437, 'Breakfast', 1, NULL, 'The latest news, sport, business and weather from the BBC''s Breakfast team. Also in HD. [S]'),
(438, 'Storm City', 8, NULL, 'It''s man versus Mother Nature as Ben Fogle explores the devastating impact of extreme weather, starting with the chaos caused by snow and ice. (1/4) Also in HD'),
(439, 'CSI: Crime Scene Investigation', 7, NULL, 'Early Rollout: The team investigate the execution-style murder of a porn-star and her husband, Catherine receives her evaluation and Sara''s personal life is questioned. (S4, ep 15)'),
(440, 'Dino Dan: Trek''s Adventures', 3, NULL, 'Dino Clash: Jurassic adventures. When Trek and Bobby play video games, they imagine themselves in a dinosaur video game. [SL] S1 Ep47'),
(441, 'The A to Z of TV Gardening', 2, NULL, '12/25. Letter L: A look at some of the BBC''s most popular gardening programmes and personalities, presented by Carol Kirkwood. Carol explores subjects that all begin with the letter L. [S]'),
(442, 'Teleshopping', 9, NULL, 'Shopping from home.'),
(443, 'Teleshopping', 9, NULL, 'Shopping from home.'),
(444, 'Angelina Ballerina', 5, NULL, 'Angelina''s Fancy Tutu: Animation. Angelina''s story of how she found her new tutu is a highly entertaining parody of the Cinderella fairy tale. But who is its rightful owner? (S6 Ep 1)'),
(445, 'Storm City', 8, NULL, 'It''s man versus Mother Nature as Ben Fogle explores the devastating impact of extreme weather, starting with the chaos caused by snow and ice. (1/4) Also in HD'),
(446, 'Dino Dan: Trek''s Adventures', 3, NULL, 'Dino Clash: Jurassic adventures. When Trek and Bobby play video games, they imagine themselves in a dinosaur video game. [SL] S1 Ep47'),
(447, 'The Hour Of Power', 6, NULL, 'Tune in for an inspirational boost of positive thinking from Reverend Robert Schuller in his colourful religious broadcast. Also in HD'),
(448, 'CSI: Crime Scene Investigation', 7, NULL, 'Early Rollout: The team investigate the execution-style murder of a porn-star and her husband, Catherine receives her evaluation and Sara''s personal life is questioned. (S4, ep 15)'),
(449, 'Bob the Builder', 5, NULL, 'CGI animated adventures of the popular builder and his friends. When Bob and his team build a ski lift on Observatory Hill, Scoop takes to the slopes. (S1 Ep 16)'),
(450, 'The Hour Of Power', 6, NULL, 'Tune in for an inspirational boost of positive thinking from Reverend Robert Schuller in his colourful religious broadcast. Also in HD'),
(451, 'Dino Dan: Trek''s Adventures', 3, NULL, 'Dino Clash: Jurassic adventures. When Trek and Bobby play video games, they imagine themselves in a dinosaur video game. [SL] S1 Ep47'),
(452, 'Teleshopping', 9, NULL, 'Shopping from home.'),
(453, 'Storm City', 8, NULL, 'It''s man versus Mother Nature as Ben Fogle explores the devastating impact of extreme weather, starting with the chaos caused by snow and ice. (1/4) Also in HD'),
(454, 'The Hour Of Power', 6, NULL, 'Tune in for an inspirational boost of positive thinking from Reverend Robert Schuller in his colourful religious broadcast. Also in HD'),
(455, 'The A to Z of TV Gardening', 2, NULL, '12/25. Letter L: A look at some of the BBC''s most popular gardening programmes and personalities, presented by Carol Kirkwood. Carol explores subjects that all begin with the letter L. [S]'),
(456, 'Storm City', 8, NULL, 'It''s man versus Mother Nature as Ben Fogle explores the devastating impact of extreme weather, starting with the chaos caused by snow and ice. (1/4) Also in HD'),
(457, 'Wanda and the Alien', 5, NULL, 'Underground: Animated series. Wanda and Alien use magic to explore the world beneath their feet when they meet a worm called Jim while doing the gardening with Mummy Rabbit. (S1 Ep 30)'),
(458, 'Breakfast', 1, NULL, 'The latest news, sport, business and weather from the BBC''s Breakfast team. Also in HD. [S]'),
(459, 'Storm City', 8, NULL, 'It''s man versus Mother Nature as Ben Fogle explores the devastating impact of extreme weather, starting with the chaos caused by snow and ice. (1/4) Also in HD'),
(460, 'Sooty', 3, NULL, 'The Haunted House: Children''s comedy. Sooty challenges Richard and Sweep to spend a night in a house full of creaking armour, hairy spiders and spooky paintings. [SL] S2 Ep16'),
(461, 'Teleshopping', 9, NULL, 'Shopping from home.'),
(462, 'Storm City', 8, NULL, 'It''s man versus Mother Nature as Ben Fogle explores the devastating impact of extreme weather, starting with the chaos caused by snow and ice. (1/4) Also in HD'),
(463, 'The Hour Of Power', 6, NULL, 'Tune in for an inspirational boost of positive thinking from Reverend Robert Schuller in his colourful religious broadcast. Also in HD'),
(464, 'The Hour Of Power', 6, NULL, 'Tune in for an inspirational boost of positive thinking from Reverend Robert Schuller in his colourful religious broadcast. Also in HD'),
(465, 'Storm City', 8, NULL, 'It''s man versus Mother Nature as Ben Fogle explores the devastating impact of extreme weather, starting with the chaos caused by snow and ice. (1/4) Also in HD'),
(466, 'The A to Z of TV Gardening', 2, NULL, '12/25. Letter L: A look at some of the BBC''s most popular gardening programmes and personalities, presented by Carol Kirkwood. Carol explores subjects that all begin with the letter L. [S]'),
(467, 'Glorious Gardens from Above', 2, NULL, '12/15. Staffordshire: Horticulturist Christine Walkden explores gardens and countryside from a hot air balloon. Christine floats over the landlocked Midlands county of Staffordshire. Also in HD. [S]'),
(468, 'Breakfast', 1, NULL, 'The latest news, sport, business and weather from the BBC''s Breakfast team. Also in HD. [S]'),
(469, 'Networks Of Power', 8, NULL, 'Mumbai: Former diplomat Sir Christopher Meyer explores the world''s most influential cities. In Mumbai, he meets a film icon and learns about the city''s secretive diamond network. (1/6) Also in HD'),
(470, 'Super 4', 3, NULL, 'I''m the King: Animated comedy adventure series. Fourchesac imprisons our heroes and raises an army to invade the Enchanted Island! S1 Ep3'),
(471, 'Teleshopping', 9, NULL, 'Shopping from home.'),
(472, 'Futurama', 6, NULL, 'Bender''s Big Score Part 1: Hermes loses his head in a lethal limbo contest, the Earth is invaded by aliens and the key to time travel may be located on Fry''s backside. (S6, ep 1) Also in HD'),
(473, 'Glorious Gardens from Above', 2, NULL, '12/15. Staffordshire: Horticulturist Christine Walkden explores gardens and countryside from a hot air balloon. Christine floats over the landlocked Midlands county of Staffordshire. Also in HD. [S]'),
(474, 'Networks Of Power', 8, NULL, 'Mumbai: Former diplomat Sir Christopher Meyer explores the world''s most influential cities. In Mumbai, he meets a film icon and learns about the city''s secretive diamond network. (1/6) Also in HD'),
(475, 'Teleshopping', 9, NULL, 'Shopping from home.'),
(476, 'Networks Of Power', 8, NULL, 'Mumbai: Former diplomat Sir Christopher Meyer explores the world''s most influential cities. In Mumbai, he meets a film icon and learns about the city''s secretive diamond network. (1/6) Also in HD'),
(477, 'Futurama', 6, NULL, 'Bender''s Big Score Part 1: Hermes loses his head in a lethal limbo contest, the Earth is invaded by aliens and the key to time travel may be located on Fry''s backside. (S6, ep 1) Also in HD'),
(478, 'Glorious Gardens from Above', 2, NULL, '12/15. Staffordshire: Horticulturist Christine Walkden explores gardens and countryside from a hot air balloon. Christine floats over the landlocked Midlands county of Staffordshire. Also in HD. [S]'),
(479, 'Networks Of Power', 8, NULL, 'Mumbai: Former diplomat Sir Christopher Meyer explores the world''s most influential cities. In Mumbai, he meets a film icon and learns about the city''s secretive diamond network. (1/6) Also in HD'),
(480, 'Super 4', 3, NULL, 'I''m the King: Animated comedy adventure series. Fourchesac imprisons our heroes and raises an army to invade the Enchanted Island! S1 Ep3'),
(481, 'Fireman Sam', 5, NULL, 'Pontypandy Heatwave: Fun with the friendly fireman and the villagers of Pontypandy. Fireman Sam is needed when two fires start during Joe and Trevor''s barbecues. (S9 Ep 15)'),
(482, 'Glorious Gardens from Above', 2, NULL, '12/15. Staffordshire: Horticulturist Christine Walkden explores gardens and countryside from a hot air balloon. Christine floats over the landlocked Midlands county of Staffordshire. Also in HD. [S]'),
(483, 'Breakfast', 1, NULL, 'The latest news, sport, business and weather from the BBC''s Breakfast team. Also in HD. [S]'),
(484, 'Futurama', 6, NULL, 'Bender''s Big Score Part 1: Hermes loses his head in a lethal limbo contest, the Earth is invaded by aliens and the key to time travel may be located on Fry''s backside. (S6, ep 1) Also in HD'),
(485, 'Storage Hunters', 9, NULL, 'Going For Broke: Outrageous US reality show offering a glimpse into the competitive world of storage auctions. Scott needs a stein or two after bidding big on an Oktoberfest bin. (Also in HD). S2 Ep25'),
(486, 'Glorious Gardens from Above', 2, NULL, '12/15. Staffordshire: Horticulturist Christine Walkden explores gardens and countryside from a hot air balloon. Christine floats over the landlocked Midlands county of Staffordshire. Also in HD. [S]'),
(487, 'Fireman Sam', 5, NULL, 'Pontypandy Heatwave: Fun with the friendly fireman and the villagers of Pontypandy. Fireman Sam is needed when two fires start during Joe and Trevor''s barbecues. (S9 Ep 15)'),
(488, 'Breakfast', 1, NULL, 'The latest news, sport, business and weather from the BBC''s Breakfast team. Also in HD. [S]'),
(489, 'Networks Of Power', 8, NULL, 'Mumbai: Former diplomat Sir Christopher Meyer explores the world''s most influential cities. In Mumbai, he meets a film icon and learns about the city''s secretive diamond network. (1/6) Also in HD'),
(490, 'Storage Hunters', 9, NULL, 'Going For Broke: Outrageous US reality show offering a glimpse into the competitive world of storage auctions. Scott needs a stein or two after bidding big on an Oktoberfest bin. (Also in HD). S2 Ep25'),
(491, 'Super 4', 3, NULL, 'I''m the King: Animated comedy adventure series. Fourchesac imprisons our heroes and raises an army to invade the Enchanted Island! S1 Ep3'),
(492, 'Breakfast', 1, NULL, 'The latest news, sport, business and weather from the BBC''s Breakfast team. Also in HD. [S]'),
(493, 'Breakfast', 1, NULL, 'The latest news, sport, business and weather from the BBC''s Breakfast team. Also in HD. [S]'),
(494, 'Glorious Gardens from Above', 2, NULL, '12/15. Staffordshire: Horticulturist Christine Walkden explores gardens and countryside from a hot air balloon. Christine floats over the landlocked Midlands county of Staffordshire. Also in HD. [S]'),
(495, 'Fireman Sam', 5, NULL, 'Pontypandy Heatwave: Fun with the friendly fireman and the villagers of Pontypandy. Fireman Sam is needed when two fires start during Joe and Trevor''s barbecues. (S9 Ep 15)'),
(496, 'Networks Of Power', 8, NULL, 'Mumbai: Former diplomat Sir Christopher Meyer explores the world''s most influential cities. In Mumbai, he meets a film icon and learns about the city''s secretive diamond network. (1/6) Also in HD'),
(497, 'Glorious Gardens from Above', 2, NULL, '12/15. Staffordshire: Horticulturist Christine Walkden explores gardens and countryside from a hot air balloon. Christine floats over the landlocked Midlands county of Staffordshire. Also in HD. [S]'),
(498, 'Breakfast', 1, NULL, 'The latest news, sport, business and weather from the BBC''s Breakfast team. Also in HD. [S]'),
(499, 'CSI: Crime Scene Investigation', 7, NULL, 'Getting Off: The CSIs investigate two cases, one involving a clown and the other a local charity worker who helped out in a drug rehabilitation centre. (S4, ep 16)'),
(500, 'Networks Of Power', 8, NULL, 'Mumbai: Former diplomat Sir Christopher Meyer explores the world''s most influential cities. In Mumbai, he meets a film icon and learns about the city''s secretive diamond network. (1/6) Also in HD'),
(501, 'Glorious Gardens from Above', 2, NULL, '12/15. Staffordshire: Horticulturist Christine Walkden explores gardens and countryside from a hot air balloon. Christine floats over the landlocked Midlands county of Staffordshire. Also in HD. [S]'),
(502, 'Breakfast', 1, NULL, 'The latest news, sport, business and weather from the BBC''s Breakfast team. Also in HD. [S]'),
(503, 'Pip Ahoy!', 5, NULL, 'Animation. Pip and Alba are left to sort through items for Skipper but there is a mix up between the piles and a precious compass is inadvertently sent to be recycled. (S1 Ep 43)'),
(504, 'Breakfast', 1, NULL, 'The latest news, sport, business and weather from the BBC''s Breakfast team. Also in HD. [S]'),
(505, 'Glorious Gardens from Above', 2, NULL, '12/15. Staffordshire: Horticulturist Christine Walkden explores gardens and countryside from a hot air balloon. Christine floats over the landlocked Midlands county of Staffordshire. Also in HD. [S]'),
(506, 'Oddbods', 3, NULL, 'Fuse Ruse: Animated adventures. Fuse decides to reinvent himself as a calmer and more tolerant person - but how long can he suppress who he really is? S1 Ep16'),
(507, 'Breakfast', 1, NULL, 'The latest news, sport, business and weather from the BBC''s Breakfast team. Also in HD. [S]'),
(508, 'Glorious Gardens from Above', 2, NULL, '12/15. Staffordshire: Horticulturist Christine Walkden explores gardens and countryside from a hot air balloon. Christine floats over the landlocked Midlands county of Staffordshire. Also in HD. [S]'),
(509, 'Storage Hunters', 9, NULL, 'Going For Broke: Outrageous US reality show offering a glimpse into the competitive world of storage auctions. Scott needs a stein or two after bidding big on an Oktoberfest bin. (Also in HD). S2 Ep25'),
(510, 'Pip Ahoy!', 5, NULL, 'Animation. Pip and Alba are left to sort through items for Skipper but there is a mix up between the piles and a precious compass is inadvertently sent to be recycled. (S1 Ep 43)'),
(511, 'Networks Of Power', 8, NULL, 'Mumbai: Former diplomat Sir Christopher Meyer explores the world''s most influential cities. In Mumbai, he meets a film icon and learns about the city''s secretive diamond network. (1/6) Also in HD'),
(512, 'CSI: Crime Scene Investigation', 7, NULL, 'Getting Off: The CSIs investigate two cases, one involving a clown and the other a local charity worker who helped out in a drug rehabilitation centre. (S4, ep 16)'),
(513, 'Futurama', 6, NULL, 'Bender''s Big Score Part 1: Hermes loses his head in a lethal limbo contest, the Earth is invaded by aliens and the key to time travel may be located on Fry''s backside. (S6, ep 1) Also in HD'),
(514, 'Futurama', 6, NULL, 'Bender''s Big Score Part 1: Hermes loses his head in a lethal limbo contest, the Earth is invaded by aliens and the key to time travel may be located on Fry''s backside. (S6, ep 1) Also in HD'),
(515, 'Networks Of Power', 8, NULL, 'Mumbai: Former diplomat Sir Christopher Meyer explores the world''s most influential cities. In Mumbai, he meets a film icon and learns about the city''s secretive diamond network. (1/6) Also in HD'),
(516, 'CSI: Crime Scene Investigation', 7, NULL, 'Getting Off: The CSIs investigate two cases, one involving a clown and the other a local charity worker who helped out in a drug rehabilitation centre. (S4, ep 16)'),
(517, 'Futurama', 6, NULL, 'Bender''s Big Score Part 1: Hermes loses his head in a lethal limbo contest, the Earth is invaded by aliens and the key to time travel may be located on Fry''s backside. (S6, ep 1) Also in HD'),
(518, 'Pip Ahoy!', 5, NULL, 'Animation. Pip and Alba are left to sort through items for Skipper but there is a mix up between the piles and a precious compass is inadvertently sent to be recycled. (S1 Ep 43)'),
(519, 'Oddbods', 3, NULL, 'Fuse Ruse: Animated adventures. Fuse decides to reinvent himself as a calmer and more tolerant person - but how long can he suppress who he really is? S1 Ep16'),
(520, 'Oddbods', 3, NULL, 'Fuse Ruse: Animated adventures. Fuse decides to reinvent himself as a calmer and more tolerant person - but how long can he suppress who he really is? S1 Ep16'),
(521, 'Pip Ahoy!', 5, NULL, 'Animation. Pip and Alba are left to sort through items for Skipper but there is a mix up between the piles and a precious compass is inadvertently sent to be recycled. (S1 Ep 43)'),
(522, 'Breakfast', 1, NULL, 'The latest news, sport, business and weather from the BBC''s Breakfast team. Also in HD. [S]'),
(523, 'Glorious Gardens from Above', 2, NULL, '12/15. Staffordshire: Horticulturist Christine Walkden explores gardens and countryside from a hot air balloon. Christine floats over the landlocked Midlands county of Staffordshire. Also in HD. [S]'),
(524, 'Oddbods', 3, NULL, 'Fuse Ruse: Animated adventures. Fuse decides to reinvent himself as a calmer and more tolerant person - but how long can he suppress who he really is? S1 Ep16'),
(525, 'Networks Of Power', 8, NULL, 'Mumbai: Former diplomat Sir Christopher Meyer explores the world''s most influential cities. In Mumbai, he meets a film icon and learns about the city''s secretive diamond network. (1/6) Also in HD'),
(526, 'Breakfast', 1, NULL, 'The latest news, sport, business and weather from the BBC''s Breakfast team. Also in HD. [S]'),
(527, 'Storage Hunters', 9, NULL, 'Going For Broke: Outrageous US reality show offering a glimpse into the competitive world of storage auctions. Scott needs a stein or two after bidding big on an Oktoberfest bin. (Also in HD). S2 Ep25'),
(528, 'Oddbods', 3, NULL, 'Fuse Ruse: Animated adventures. Fuse decides to reinvent himself as a calmer and more tolerant person - but how long can he suppress who he really is? S1 Ep16'),
(529, 'Breakfast', 1, NULL, 'The latest news, sport, business and weather from the BBC''s Breakfast team. Also in HD. [S]'),
(530, 'Pip Ahoy!', 5, NULL, 'Animation. Pip and Alba are left to sort through items for Skipper but there is a mix up between the piles and a precious compass is inadvertently sent to be recycled. (S1 Ep 43)'),
(531, 'Pip Ahoy!', 5, NULL, 'Animation. Pip and Alba are left to sort through items for Skipper but there is a mix up between the piles and a precious compass is inadvertently sent to be recycled. (S1 Ep 43)'),
(532, 'Networks Of Power', 8, NULL, 'Mumbai: Former diplomat Sir Christopher Meyer explores the world''s most influential cities. In Mumbai, he meets a film icon and learns about the city''s secretive diamond network. (1/6) Also in HD'),
(533, 'Oddbods', 3, NULL, 'Fuse Ruse: Animated adventures. Fuse decides to reinvent himself as a calmer and more tolerant person - but how long can he suppress who he really is? S1 Ep16'),
(534, 'Futurama', 6, NULL, 'Bender''s Big Score Part 1: Hermes loses his head in a lethal limbo contest, the Earth is invaded by aliens and the key to time travel may be located on Fry''s backside. (S6, ep 1) Also in HD'),
(535, 'Oddbods', 3, NULL, 'Fuse Ruse: Animated adventures. Fuse decides to reinvent himself as a calmer and more tolerant person - but how long can he suppress who he really is? S1 Ep16'),
(536, 'Storage Hunters', 9, NULL, 'Going For Broke: Outrageous US reality show offering a glimpse into the competitive world of storage auctions. Scott needs a stein or two after bidding big on an Oktoberfest bin. (Also in HD). S2 Ep25'),
(537, 'Networks Of Power', 8, NULL, 'Mumbai: Former diplomat Sir Christopher Meyer explores the world''s most influential cities. In Mumbai, he meets a film icon and learns about the city''s secretive diamond network. (1/6) Also in HD'),
(538, 'Oddbods', 3, NULL, 'Fuse Ruse: Animated adventures. Fuse decides to reinvent himself as a calmer and more tolerant person - but how long can he suppress who he really is? S1 Ep16'),
(539, 'Pip Ahoy!', 5, NULL, 'Animation. Pip and Alba are left to sort through items for Skipper but there is a mix up between the piles and a precious compass is inadvertently sent to be recycled. (S1 Ep 43)'),
(540, 'Breakfast', 1, NULL, 'The latest news, sport, business and weather from the BBC''s Breakfast team. Also in HD. [S]'),
(541, 'Glorious Gardens from Above', 2, NULL, '12/15. Staffordshire: Horticulturist Christine Walkden explores gardens and countryside from a hot air balloon. Christine floats over the landlocked Midlands county of Staffordshire. Also in HD. [S]'),
(542, 'Breakfast', 1, NULL, 'The latest news, sport, business and weather from the BBC''s Breakfast team. Also in HD. [S]'),
(543, 'Glorious Gardens from Above', 2, NULL, '12/15. Staffordshire: Horticulturist Christine Walkden explores gardens and countryside from a hot air balloon. Christine floats over the landlocked Midlands county of Staffordshire. Also in HD. [S]'),
(544, 'Storage Hunters', 9, NULL, 'Going For Broke: Outrageous US reality show offering a glimpse into the competitive world of storage auctions. Scott needs a stein or two after bidding big on an Oktoberfest bin. (Also in HD). S2 Ep25'),
(545, 'Futurama', 6, NULL, 'Bender''s Big Score Part 1: Hermes loses his head in a lethal limbo contest, the Earth is invaded by aliens and the key to time travel may be located on Fry''s backside. (S6, ep 1) Also in HD'),
(546, 'Breakfast', 1, NULL, 'The latest news, sport, business and weather from the BBC''s Breakfast team. Also in HD. [S]'),
(547, 'CSI: Crime Scene Investigation', 7, NULL, 'Getting Off: The CSIs investigate two cases, one involving a clown and the other a local charity worker who helped out in a drug rehabilitation centre. (S4, ep 16)'),
(548, 'Pip Ahoy!', 5, NULL, 'Animation. Pip and Alba are left to sort through items for Skipper but there is a mix up between the piles and a precious compass is inadvertently sent to be recycled. (S1 Ep 43)'),
(549, 'CSI: Crime Scene Investigation', 7, NULL, 'Getting Off: The CSIs investigate two cases, one involving a clown and the other a local charity worker who helped out in a drug rehabilitation centre. (S4, ep 16)'),
(550, 'Futurama', 6, NULL, 'Bender''s Big Score Part 1: Hermes loses his head in a lethal limbo contest, the Earth is invaded by aliens and the key to time travel may be located on Fry''s backside. (S6, ep 1) Also in HD'),
(551, 'Oddbods', 3, NULL, 'Fuse Ruse: Animated adventures. Fuse decides to reinvent himself as a calmer and more tolerant person - but how long can he suppress who he really is? S1 Ep16'),
(552, 'Storage Hunters', 9, NULL, 'Going For Broke: Outrageous US reality show offering a glimpse into the competitive world of storage auctions. Scott needs a stein or two after bidding big on an Oktoberfest bin. (Also in HD). S2 Ep25'),
(553, 'Pip Ahoy!', 5, NULL, 'Animation. Pip and Alba are left to sort through items for Skipper but there is a mix up between the piles and a precious compass is inadvertently sent to be recycled. (S1 Ep 43)'),
(554, 'Futurama', 6, NULL, 'Bender''s Big Score Part 1: Hermes loses his head in a lethal limbo contest, the Earth is invaded by aliens and the key to time travel may be located on Fry''s backside. (S6, ep 1) Also in HD'),
(555, 'CSI: Crime Scene Investigation', 7, NULL, 'Getting Off: The CSIs investigate two cases, one involving a clown and the other a local charity worker who helped out in a drug rehabilitation centre. (S4, ep 16)'),
(556, 'Storage Hunters', 9, NULL, 'Going For Broke: Outrageous US reality show offering a glimpse into the competitive world of storage auctions. Scott needs a stein or two after bidding big on an Oktoberfest bin. (Also in HD). S2 Ep25'),
(557, 'Pip Ahoy!', 5, NULL, 'Animation. Pip and Alba are left to sort through items for Skipper but there is a mix up between the piles and a precious compass is inadvertently sent to be recycled. (S1 Ep 43)'),
(558, 'CSI: Crime Scene Investigation', 7, NULL, 'Getting Off: The CSIs investigate two cases, one involving a clown and the other a local charity worker who helped out in a drug rehabilitation centre. (S4, ep 16)'),
(559, 'Oddbods', 3, NULL, 'Fuse Ruse: Animated adventures. Fuse decides to reinvent himself as a calmer and more tolerant person - but how long can he suppress who he really is? S1 Ep16'),
(560, 'Glorious Gardens from Above', 2, NULL, '12/15. Staffordshire: Horticulturist Christine Walkden explores gardens and countryside from a hot air balloon. Christine floats over the landlocked Midlands county of Staffordshire. Also in HD. [S]'),
(561, 'Breakfast', 1, NULL, 'The latest news, sport, business and weather from the BBC''s Breakfast team. Also in HD. [S]'),
(562, 'Networks Of Power', 8, NULL, 'Mumbai: Former diplomat Sir Christopher Meyer explores the world''s most influential cities. In Mumbai, he meets a film icon and learns about the city''s secretive diamond network. (1/6) Also in HD'),
(563, 'Storage Hunters', 9, NULL, 'Going For Broke: Outrageous US reality show offering a glimpse into the competitive world of storage auctions. Scott needs a stein or two after bidding big on an Oktoberfest bin. (Also in HD). S2 Ep25'),
(564, 'Glorious Gardens from Above', 2, NULL, '12/15. Staffordshire: Horticulturist Christine Walkden explores gardens and countryside from a hot air balloon. Christine floats over the landlocked Midlands county of Staffordshire. Also in HD. [S]'),
(565, 'Storage Hunters', 9, NULL, 'Going For Broke: Outrageous US reality show offering a glimpse into the competitive world of storage auctions. Scott needs a stein or two after bidding big on an Oktoberfest bin. (Also in HD). S2 Ep25'),
(566, 'Pip Ahoy!', 5, NULL, 'Animation. Pip and Alba are left to sort through items for Skipper but there is a mix up between the piles and a precious compass is inadvertently sent to be recycled. (S1 Ep 43)'),
(567, 'Networks Of Power', 8, NULL, 'Mumbai: Former diplomat Sir Christopher Meyer explores the world''s most influential cities. In Mumbai, he meets a film icon and learns about the city''s secretive diamond network. (1/6) Also in HD'),
(568, 'Pip Ahoy!', 5, NULL, 'Animation. Pip and Alba are left to sort through items for Skipper but there is a mix up between the piles and a precious compass is inadvertently sent to be recycled. (S1 Ep 43)'),
(569, 'Networks Of Power', 8, NULL, 'Mumbai: Former diplomat Sir Christopher Meyer explores the world''s most influential cities. In Mumbai, he meets a film icon and learns about the city''s secretive diamond network. (1/6) Also in HD'),
(570, 'Oddbods', 3, NULL, 'Fuse Ruse: Animated adventures. Fuse decides to reinvent himself as a calmer and more tolerant person - but how long can he suppress who he really is? S1 Ep16'),
(571, 'Futurama', 6, NULL, 'Bender''s Big Score Part 1: Hermes loses his head in a lethal limbo contest, the Earth is invaded by aliens and the key to time travel may be located on Fry''s backside. (S6, ep 1) Also in HD'),
(572, 'Storage Hunters', 9, NULL, 'Going For Broke: Outrageous US reality show offering a glimpse into the competitive world of storage auctions. Scott needs a stein or two after bidding big on an Oktoberfest bin. (Also in HD). S2 Ep25'),
(573, 'CSI: Crime Scene Investigation', 7, NULL, 'Getting Off: The CSIs investigate two cases, one involving a clown and the other a local charity worker who helped out in a drug rehabilitation centre. (S4, ep 16)'),
(574, 'Futurama', 6, NULL, 'Bender''s Big Score Part 1: Hermes loses his head in a lethal limbo contest, the Earth is invaded by aliens and the key to time travel may be located on Fry''s backside. (S6, ep 1) Also in HD'),
(575, 'Networks Of Power', 8, NULL, 'Mumbai: Former diplomat Sir Christopher Meyer explores the world''s most influential cities. In Mumbai, he meets a film icon and learns about the city''s secretive diamond network. (1/6) Also in HD'),
(576, 'Storage Hunters', 9, NULL, 'Going For Broke: Outrageous US reality show offering a glimpse into the competitive world of storage auctions. Scott needs a stein or two after bidding big on an Oktoberfest bin. (Also in HD). S2 Ep25'),
(577, 'Glorious Gardens from Above', 2, NULL, '12/15. Staffordshire: Horticulturist Christine Walkden explores gardens and countryside from a hot air balloon. Christine floats over the landlocked Midlands county of Staffordshire. Also in HD. [S]'),
(578, 'Futurama', 6, NULL, 'Bender''s Big Score Part 1: Hermes loses his head in a lethal limbo contest, the Earth is invaded by aliens and the key to time travel may be located on Fry''s backside. (S6, ep 1) Also in HD'),
(579, 'Scrambled!', 3, NULL, 'Luke Franks, London Hughes, Sam Homewood and Arielle Free present more fun, games and sketches in the Scrambled! flat. Catch new episodes of Looped, alongside old favourites. S4 Ep16'),
(580, 'Networks Of Power', 8, NULL, 'Mumbai: Former diplomat Sir Christopher Meyer explores the world''s most influential cities. In Mumbai, he meets a film icon and learns about the city''s secretive diamond network. (1/6) Also in HD'),
(581, 'Breakfast', 1, NULL, 'The latest news, sport, business and weather from the BBC''s Breakfast team. Also in HD. [S]'),
(582, 'CSI: Crime Scene Investigation', 7, NULL, 'Getting Off: The CSIs investigate two cases, one involving a clown and the other a local charity worker who helped out in a drug rehabilitation centre. (S4, ep 16)'),
(583, 'Networks Of Power', 8, NULL, 'Mumbai: Former diplomat Sir Christopher Meyer explores the world''s most influential cities. In Mumbai, he meets a film icon and learns about the city''s secretive diamond network. (1/6) Also in HD'),
(584, 'Futurama', 6, NULL, 'Bender''s Big Score Part 1: Hermes loses his head in a lethal limbo contest, the Earth is invaded by aliens and the key to time travel may be located on Fry''s backside. (S6, ep 1) Also in HD'),
(585, 'Breakfast', 1, NULL, 'The latest news, sport, business and weather from the BBC''s Breakfast team. Also in HD. [S]'),
(586, 'Storage Hunters', 9, NULL, 'Going For Broke: Outrageous US reality show offering a glimpse into the competitive world of storage auctions. Scott needs a stein or two after bidding big on an Oktoberfest bin. (Also in HD). S2 Ep25'),
(587, 'Breakfast', 1, NULL, 'The latest news, sport, business and weather from the BBC''s Breakfast team. Also in HD. [S]'),
(588, 'CSI: Crime Scene Investigation', 7, NULL, 'Getting Off: The CSIs investigate two cases, one involving a clown and the other a local charity worker who helped out in a drug rehabilitation centre. (S4, ep 16)'),
(589, 'Glorious Gardens from Above', 2, NULL, '12/15. Staffordshire: Horticulturist Christine Walkden explores gardens and countryside from a hot air balloon. Christine floats over the landlocked Midlands county of Staffordshire. Also in HD. [S]'),
(590, 'CSI: Crime Scene Investigation', 7, NULL, 'Getting Off: The CSIs investigate two cases, one involving a clown and the other a local charity worker who helped out in a drug rehabilitation centre. (S4, ep 16)'),
(591, 'Breakfast', 1, NULL, 'The latest news, sport, business and weather from the BBC''s Breakfast team. Also in HD. [S]'),
(592, 'Storage Hunters', 9, NULL, 'Going For Broke: Outrageous US reality show offering a glimpse into the competitive world of storage auctions. Scott needs a stein or two after bidding big on an Oktoberfest bin. (Also in HD). S2 Ep25'),
(593, 'Pip Ahoy!', 5, NULL, 'Animation. Pip and Alba are left to sort through items for Skipper but there is a mix up between the piles and a precious compass is inadvertently sent to be recycled. (S1 Ep 43)'),
(594, 'CSI: Crime Scene Investigation', 7, NULL, 'Getting Off: The CSIs investigate two cases, one involving a clown and the other a local charity worker who helped out in a drug rehabilitation centre. (S4, ep 16)'),
(595, 'Futurama', 6, NULL, 'Bender''s Big Score Part 1: Hermes loses his head in a lethal limbo contest, the Earth is invaded by aliens and the key to time travel may be located on Fry''s backside. (S6, ep 1) Also in HD'),
(596, 'Networks Of Power', 8, NULL, 'Mumbai: Former diplomat Sir Christopher Meyer explores the world''s most influential cities. In Mumbai, he meets a film icon and learns about the city''s secretive diamond network. (1/6) Also in HD'),
(597, 'Futurama', 6, NULL, 'Bender''s Big Score Part 1: Hermes loses his head in a lethal limbo contest, the Earth is invaded by aliens and the key to time travel may be located on Fry''s backside. (S6, ep 1) Also in HD'),
(598, 'CSI: Crime Scene Investigation', 7, NULL, 'Getting Off: The CSIs investigate two cases, one involving a clown and the other a local charity worker who helped out in a drug rehabilitation centre. (S4, ep 16)'),
(599, 'Networks Of Power', 8, NULL, 'Mumbai: Former diplomat Sir Christopher Meyer explores the world''s most influential cities. In Mumbai, he meets a film icon and learns about the city''s secretive diamond network. (1/6) Also in HD'),
(600, 'Scrambled!', 3, NULL, 'Luke Franks, London Hughes, Sam Homewood and Arielle Free present more fun, games and sketches in the Scrambled! flat. Catch new episodes of Looped, alongside old favourites. S4 Ep16'),
(601, 'Glorious Gardens from Above', 2, NULL, '12/15. Staffordshire: Horticulturist Christine Walkden explores gardens and countryside from a hot air balloon. Christine floats over the landlocked Midlands county of Staffordshire. Also in HD. [S]'),
(602, 'Breakfast', 1, NULL, 'The latest news, sport, business and weather from the BBC''s Breakfast team. Also in HD. [S]'),
(603, 'Scrambled!', 3, NULL, 'Luke Franks, London Hughes, Sam Homewood and Arielle Free present more fun, games and sketches in the Scrambled! flat. Catch new episodes of Looped, alongside old favourites. S4 Ep16'),
(604, 'Pip Ahoy!', 5, NULL, 'Animation. Pip and Alba are left to sort through items for Skipper but there is a mix up between the piles and a precious compass is inadvertently sent to be recycled. (S1 Ep 43)'),
(605, 'CSI: Crime Scene Investigation', 7, NULL, 'Getting Off: The CSIs investigate two cases, one involving a clown and the other a local charity worker who helped out in a drug rehabilitation centre. (S4, ep 16)'),
(606, 'Glorious Gardens from Above', 2, NULL, '12/15. Staffordshire: Horticulturist Christine Walkden explores gardens and countryside from a hot air balloon. Christine floats over the landlocked Midlands county of Staffordshire. Also in HD. [S]'),
(607, 'Breakfast', 1, NULL, 'The latest news, sport, business and weather from the BBC''s Breakfast team. Also in HD. [S]'),
(608, 'Little Princess', 5, NULL, 'I Can Keep a Secret: Regal animation. Little Princess discovers something about the General that no one else in the castle is aware of, but can she keep the information secret? (S2 Ep 35)');
INSERT INTO `programs` (`id`, `name`, `channel_id`, `image`, `short_desc`) VALUES
(609, 'CSI: Crime Scene Investigation', 7, NULL, 'Getting Off: The CSIs investigate two cases, one involving a clown and the other a local charity worker who helped out in a drug rehabilitation centre. (S4, ep 16)'),
(610, 'Networks Of Power', 8, NULL, 'Mumbai: Former diplomat Sir Christopher Meyer explores the world''s most influential cities. In Mumbai, he meets a film icon and learns about the city''s secretive diamond network. (1/6) Also in HD'),
(611, 'Top Gear', 9, NULL, 'Four-wheeled fun with those car-crazed chums. Jezza tests out the Ferrari F12, while movie director Ron Howard is the star in the brand new Reasonably Priced Car. Happy days! (Also in HD). S20 Ep2'),
(612, 'Networks Of Power', 8, NULL, 'Mumbai: Former diplomat Sir Christopher Meyer explores the world''s most influential cities. In Mumbai, he meets a film icon and learns about the city''s secretive diamond network. (1/6) Also in HD'),
(613, 'Little Princess', 5, NULL, 'I Can Keep a Secret: Regal animation. Little Princess discovers something about the General that no one else in the castle is aware of, but can she keep the information secret? (S2 Ep 35)'),
(614, 'CSI: Crime Scene Investigation', 7, NULL, 'Getting Off: The CSIs investigate two cases, one involving a clown and the other a local charity worker who helped out in a drug rehabilitation centre. (S4, ep 16)'),
(615, 'Networks Of Power', 8, NULL, 'Mumbai: Former diplomat Sir Christopher Meyer explores the world''s most influential cities. In Mumbai, he meets a film icon and learns about the city''s secretive diamond network. (1/6) Also in HD'),
(616, 'Breakfast', 1, NULL, 'The latest news, sport, business and weather from the BBC''s Breakfast team. Also in HD. [S]'),
(617, 'CSI: Crime Scene Investigation', 7, NULL, 'Getting Off: The CSIs investigate two cases, one involving a clown and the other a local charity worker who helped out in a drug rehabilitation centre. (S4, ep 16)'),
(618, 'Breakfast', 1, NULL, 'The latest news, sport, business and weather from the BBC''s Breakfast team. Also in HD. [S]'),
(619, 'Little Princess', 5, NULL, 'I Can Keep a Secret: Regal animation. Little Princess discovers something about the General that no one else in the castle is aware of, but can she keep the information secret? (S2 Ep 35)'),
(620, 'Glorious Gardens from Above', 2, NULL, '12/15. Staffordshire: Horticulturist Christine Walkden explores gardens and countryside from a hot air balloon. Christine floats over the landlocked Midlands county of Staffordshire. Also in HD. [S]'),
(621, 'Networks Of Power', 8, NULL, 'Mumbai: Former diplomat Sir Christopher Meyer explores the world''s most influential cities. In Mumbai, he meets a film icon and learns about the city''s secretive diamond network. (1/6) Also in HD'),
(622, 'Glorious Gardens from Above', 2, NULL, '12/15. Staffordshire: Horticulturist Christine Walkden explores gardens and countryside from a hot air balloon. Christine floats over the landlocked Midlands county of Staffordshire. Also in HD. [S]'),
(623, 'Futurama', 6, NULL, 'Bender''s Big Score Part 2: The email-scamming aliens start looting history for its treasures, Leela''s romance continues to bloom and a heartbroken Fry returns to the year 2000. (S6, ep 2) Also in HD'),
(624, 'Little Princess', 5, NULL, 'I Can Keep a Secret: Regal animation. Little Princess discovers something about the General that no one else in the castle is aware of, but can she keep the information secret? (S2 Ep 35)'),
(625, 'Futurama', 6, NULL, 'Bender''s Big Score Part 2: The email-scamming aliens start looting history for its treasures, Leela''s romance continues to bloom and a heartbroken Fry returns to the year 2000. (S6, ep 2) Also in HD'),
(626, 'Top Gear', 9, NULL, 'Four-wheeled fun with those car-crazed chums. Jezza tests out the Ferrari F12, while movie director Ron Howard is the star in the brand new Reasonably Priced Car. Happy days! (Also in HD). S20 Ep2'),
(627, 'Networks Of Power', 8, NULL, 'Mumbai: Former diplomat Sir Christopher Meyer explores the world''s most influential cities. In Mumbai, he meets a film icon and learns about the city''s secretive diamond network. (1/6) Also in HD'),
(628, 'Scrambled! Nerds & Monsters', 3, NULL, 'Nerdzilla: Animated comedy series. Irwin accidentally tosses an experiment into the ocean, creating a giant sea monster that threatens the island in the process. S2 Ep21'),
(629, 'Little Princess', 5, NULL, 'I Can Keep a Secret: Regal animation. Little Princess discovers something about the General that no one else in the castle is aware of, but can she keep the information secret? (S2 Ep 35)'),
(630, 'Networks Of Power', 8, NULL, 'Mumbai: Former diplomat Sir Christopher Meyer explores the world''s most influential cities. In Mumbai, he meets a film icon and learns about the city''s secretive diamond network. (1/6) Also in HD'),
(631, 'Glorious Gardens from Above', 2, NULL, '12/15. Staffordshire: Horticulturist Christine Walkden explores gardens and countryside from a hot air balloon. Christine floats over the landlocked Midlands county of Staffordshire. Also in HD. [S]'),
(632, 'Match of the Day', 1, NULL, 'Gary Lineker introduces Premier League highlights, including Tottenham v Leicester, West Brom v Manchester City, Crystal Palace v Liverpool and Sunderland v Arsenal. Also in HD. [S]'),
(633, 'Top Gear', 9, NULL, 'Four-wheeled fun with those car-crazed chums. Jezza tests out the Ferrari F12, while movie director Ron Howard is the star in the brand new Reasonably Priced Car. Happy days! (Also in HD). S20 Ep2'),
(634, 'CSI: Crime Scene Investigation', 7, NULL, 'Getting Off: The CSIs investigate two cases, one involving a clown and the other a local charity worker who helped out in a drug rehabilitation centre. (S4, ep 16)'),
(635, 'Little Princess', 5, NULL, 'I Can Keep a Secret: Regal animation. Little Princess discovers something about the General that no one else in the castle is aware of, but can she keep the information secret? (S2 Ep 35)');

-- --------------------------------------------------------

--
-- Table structure for table `sessions`
--

CREATE TABLE `sessions` (
  `id` int(11) NOT NULL,
  `user_id` int(11) NOT NULL,
  `encryption` int(100) NOT NULL
) ENGINE=InnoDB DEFAULT CHARSET=latin1;

--
-- Dumping data for table `sessions`
--

INSERT INTO `sessions` (`id`, `user_id`, `encryption`) VALUES
(1, 2, 0);

-- --------------------------------------------------------

--
-- Table structure for table `users`
--

CREATE TABLE `users` (
  `id` int(11) NOT NULL,
  `fullname` varchar(255) DEFAULT NULL,
  `password` varchar(255) DEFAULT NULL,
  `email` varchar(255) DEFAULT NULL,
  `salt` varchar(64) NOT NULL,
  `joined` datetime DEFAULT NULL
) ENGINE=InnoDB DEFAULT CHARSET=latin1;

--
-- Dumping data for table `users`
--

INSERT INTO `users` (`id`, `fullname`, `password`, `email`, `salt`, `joined`) VALUES
(2, 'Lewis Campbell', '$2y$11$lsHBhoESTTC3EjmFWrlGseYCSsFThVrDZ1X/ucoyOGaphWnKmbK1K', 'insidific@outlook.com', 'M09ZFvs(Lig', '2016-10-30 01:50:19');

-- --------------------------------------------------------

--
-- Table structure for table `votes`
--

CREATE TABLE `votes` (
  `id` int(11) NOT NULL,
  `user_id` int(11) NOT NULL,
  `channel_id` int(11) NOT NULL,
  `block_id` int(11) NOT NULL,
  `time_stamp` datetime NOT NULL
) ENGINE=InnoDB DEFAULT CHARSET=latin1;

--
-- Dumping data for table `votes`
--

INSERT INTO `votes` (`id`, `user_id`, `channel_id`, `block_id`, `time_stamp`) VALUES
(1, 2, 3, 1, '2016-10-31 00:00:00'),
(2, 2, 3, 1, '0000-00-00 00:00:00'),
(3, 2, 4, 1, '0000-00-00 00:00:00'),
(4, 2, 4, 1, '0000-00-00 00:00:00'),
(5, 2, 4, 1, '0000-00-00 00:00:00'),
(6, 2, 4, 1, '0000-00-00 00:00:00'),
(7, 2, 4, 1, '0000-00-00 00:00:00'),
(8, 2, 4, 1, '0000-00-00 00:00:00'),
(9, 2, 4, 1, '0000-00-00 00:00:00'),
(10, 2, 4, 1, '0000-00-00 00:00:00'),
(11, 2, 3, 1, '0000-00-00 00:00:00'),
(12, 2, 3, 1, '0000-00-00 00:00:00'),
(13, 2, 3, 1, '0000-00-00 00:00:00'),
(14, 2, 3, 1, '0000-00-00 00:00:00'),
(15, 2, 3, 1, '0000-00-00 00:00:00'),
(16, 2, 3, 1, '0000-00-00 00:00:00'),
(17, 2, 3, 1, '0000-00-00 00:00:00'),
(18, 2, 2, 1, '0000-00-00 00:00:00'),
(19, 2, 2, 1, '0000-00-00 00:00:00'),
(20, 2, 2, 1, '0000-00-00 00:00:00'),
(21, 2, 2, 1, '0000-00-00 00:00:00'),
(22, 2, 2, 1, '0000-00-00 00:00:00'),
(23, 2, 2, 1, '0000-00-00 00:00:00'),
(24, 2, 2, 1, '0000-00-00 00:00:00'),
(25, 2, 2, 1, '0000-00-00 00:00:00'),
(26, 2, 9, 1, '0000-00-00 00:00:00'),
(27, 2, 9, 1, '0000-00-00 00:00:00'),
(28, 2, 9, 1, '0000-00-00 00:00:00'),
(29, 2, 9, 1, '0000-00-00 00:00:00'),
(30, 2, 9, 1, '0000-00-00 00:00:00'),
(31, 2, 9, 1, '0000-00-00 00:00:00'),
(32, 2, 9, 1, '0000-00-00 00:00:00'),
(33, 2, 9, 1, '0000-00-00 00:00:00'),
(34, 2, 9, 1, '0000-00-00 00:00:00'),
(35, 2, 9, 1, '0000-00-00 00:00:00'),
(36, 2, 9, 1, '0000-00-00 00:00:00'),
(37, 2, 5, 1, '0000-00-00 00:00:00'),
(38, 2, 5, 1, '0000-00-00 00:00:00'),
(39, 2, 5, 1, '0000-00-00 00:00:00'),
(40, 2, 5, 1, '0000-00-00 00:00:00'),
(41, 2, 8, 1, '0000-00-00 00:00:00'),
(42, 2, 8, 1, '0000-00-00 00:00:00'),
(43, 2, 8, 1, '0000-00-00 00:00:00'),
(44, 2, 8, 1, '0000-00-00 00:00:00'),
(45, 2, 8, 1, '0000-00-00 00:00:00'),
(46, 2, 3, 1, '0000-00-00 00:00:00'),
(47, 2, 3, 1, '0000-00-00 00:00:00'),
(48, 2, 3, 1, '0000-00-00 00:00:00'),
(49, 2, 3, 1, '0000-00-00 00:00:00'),
(50, 2, 3, 1, '0000-00-00 00:00:00'),
(51, 2, 3, 1, '0000-00-00 00:00:00'),
(52, 2, 3, 1, '0000-00-00 00:00:00'),
(53, 2, 3, 1, '0000-00-00 00:00:00'),
(54, 2, 3, 1, '0000-00-00 00:00:00'),
(55, 2, 3, 1, '0000-00-00 00:00:00'),
(56, 2, 3, 1, '0000-00-00 00:00:00'),
(57, 2, 3, 1, '0000-00-00 00:00:00'),
(58, 2, 6, 1, '0000-00-00 00:00:00'),
(59, 2, 6, 1, '0000-00-00 00:00:00'),
(60, 2, 6, 1, '0000-00-00 00:00:00'),
(61, 2, 6, 1, '0000-00-00 00:00:00'),
(62, 2, 6, 1, '0000-00-00 00:00:00'),
(63, 2, 6, 1, '0000-00-00 00:00:00'),
(64, 2, 6, 1, '0000-00-00 00:00:00'),
(65, 2, 6, 1, '0000-00-00 00:00:00'),
(66, 2, 6, 1, '0000-00-00 00:00:00'),
(67, 2, 6, 1, '0000-00-00 00:00:00'),
(68, 2, 6, 1, '0000-00-00 00:00:00'),
(69, 2, 7, 1, '0000-00-00 00:00:00'),
(70, 2, 7, 1, '0000-00-00 00:00:00'),
(71, 2, 7, 1, '0000-00-00 00:00:00'),
(72, 2, 7, 1, '0000-00-00 00:00:00'),
(73, 2, 7, 1, '0000-00-00 00:00:00'),
(74, 2, 7, 1, '0000-00-00 00:00:00'),
(75, 2, 7, 1, '0000-00-00 00:00:00'),
(76, 2, 7, 1, '0000-00-00 00:00:00'),
(77, 2, 7, 1, '0000-00-00 00:00:00'),
(78, 2, 4, 1, '0000-00-00 00:00:00'),
(79, 2, 4, 1, '0000-00-00 00:00:00'),
(80, 2, 4, 1, '0000-00-00 00:00:00'),
(81, 2, 4, 1, '0000-00-00 00:00:00'),
(82, 2, 4, 1, '0000-00-00 00:00:00'),
(83, 2, 4, 1, '0000-00-00 00:00:00'),
(84, 2, 4, 1, '0000-00-00 00:00:00'),
(85, 2, 4, 1, '0000-00-00 00:00:00'),
(86, 2, 4, 1, '0000-00-00 00:00:00'),
(87, 2, 4, 1, '0000-00-00 00:00:00'),
(88, 2, 4, 1, '0000-00-00 00:00:00'),
(89, 2, 4, 1, '0000-00-00 00:00:00'),
(90, 2, 4, 1, '0000-00-00 00:00:00'),
(91, 2, 4, 1, '0000-00-00 00:00:00'),
(92, 2, 4, 1, '0000-00-00 00:00:00'),
(93, 2, 4, 1, '0000-00-00 00:00:00'),
(94, 2, 4, 1, '0000-00-00 00:00:00'),
(95, 2, 4, 1, '0000-00-00 00:00:00'),
(96, 2, 4, 1, '0000-00-00 00:00:00'),
(97, 2, 4, 1, '0000-00-00 00:00:00'),
(98, 2, 4, 1, '0000-00-00 00:00:00'),
(99, 2, 4, 1, '0000-00-00 00:00:00'),
(100, 2, 4, 1, '0000-00-00 00:00:00'),
(101, 2, 4, 1, '0000-00-00 00:00:00'),
(102, 2, 4, 1, '0000-00-00 00:00:00'),
(103, 2, 4, 1, '0000-00-00 00:00:00'),
(104, 2, 4, 1, '0000-00-00 00:00:00'),
(105, 2, 4, 1, '0000-00-00 00:00:00'),
(106, 2, 4, 1, '0000-00-00 00:00:00'),
(107, 2, 4, 1, '0000-00-00 00:00:00'),
(108, 2, 4, 1, '0000-00-00 00:00:00'),
(109, 2, 4, 1, '0000-00-00 00:00:00'),
(110, 2, 4, 1, '0000-00-00 00:00:00'),
(111, 2, 4, 1, '0000-00-00 00:00:00'),
(112, 2, 4, 1, '0000-00-00 00:00:00'),
(113, 2, 4, 1, '0000-00-00 00:00:00'),
(114, 2, 4, 1, '0000-00-00 00:00:00'),
(115, 2, 4, 1, '0000-00-00 00:00:00'),
(116, 2, 4, 1, '0000-00-00 00:00:00'),
(117, 2, 4, 1, '0000-00-00 00:00:00'),
(118, 2, 4, 1, '0000-00-00 00:00:00'),
(119, 2, 4, 1, '0000-00-00 00:00:00'),
(120, 2, 4, 1, '0000-00-00 00:00:00'),
(121, 2, 4, 1, '0000-00-00 00:00:00'),
(122, 2, 4, 1, '0000-00-00 00:00:00'),
(123, 2, 1, 1, '0000-00-00 00:00:00'),
(124, 2, 1, 1, '0000-00-00 00:00:00'),
(125, 2, 1, 1, '0000-00-00 00:00:00'),
(126, 2, 1, 1, '0000-00-00 00:00:00'),
(127, 2, 1, 1, '0000-00-00 00:00:00'),
(128, 2, 1, 1, '0000-00-00 00:00:00'),
(129, 2, 1, 1, '0000-00-00 00:00:00'),
(130, 2, 1, 1, '0000-00-00 00:00:00'),
(131, 2, 1, 1, '0000-00-00 00:00:00'),
(132, 2, 1, 1, '0000-00-00 00:00:00'),
(133, 2, 1, 1, '0000-00-00 00:00:00'),
(134, 2, 1, 1, '0000-00-00 00:00:00'),
(135, 2, 1, 1, '0000-00-00 00:00:00'),
(136, 2, 1, 1, '0000-00-00 00:00:00'),
(137, 2, 1, 1, '0000-00-00 00:00:00'),
(138, 2, 1, 1, '0000-00-00 00:00:00'),
(139, 2, 1, 1, '0000-00-00 00:00:00'),
(140, 2, 1, 1, '0000-00-00 00:00:00'),
(141, 2, 1, 1, '0000-00-00 00:00:00'),
(142, 2, 1, 1, '0000-00-00 00:00:00'),
(143, 2, 1, 1, '0000-00-00 00:00:00'),
(144, 2, 1, 1, '0000-00-00 00:00:00'),
(145, 2, 1, 1, '0000-00-00 00:00:00'),
(146, 2, 1, 1, '0000-00-00 00:00:00'),
(147, 2, 1, 1, '0000-00-00 00:00:00'),
(148, 2, 1, 1, '0000-00-00 00:00:00'),
(149, 2, 1, 1, '0000-00-00 00:00:00'),
(150, 2, 1, 1, '0000-00-00 00:00:00'),
(151, 2, 1, 1, '0000-00-00 00:00:00'),
(152, 2, 1, 1, '0000-00-00 00:00:00'),
(153, 2, 1, 1, '0000-00-00 00:00:00'),
(154, 2, 1, 1, '0000-00-00 00:00:00'),
(155, 2, 1, 1, '0000-00-00 00:00:00'),
(156, 2, 1, 1, '0000-00-00 00:00:00'),
(157, 2, 1, 1, '0000-00-00 00:00:00'),
(158, 2, 1, 1, '0000-00-00 00:00:00'),
(159, 2, 1, 1, '0000-00-00 00:00:00'),
(160, 2, 1, 1, '0000-00-00 00:00:00'),
(161, 2, 1, 1, '0000-00-00 00:00:00'),
(162, 2, 1, 1, '0000-00-00 00:00:00'),
(163, 2, 1, 1, '0000-00-00 00:00:00'),
(164, 2, 1, 1, '0000-00-00 00:00:00'),
(165, 2, 1, 1, '0000-00-00 00:00:00'),
(166, 2, 1, 1, '0000-00-00 00:00:00'),
(167, 2, 1, 1, '0000-00-00 00:00:00'),
(168, 2, 1, 1, '0000-00-00 00:00:00'),
(169, 2, 1, 1, '0000-00-00 00:00:00'),
(170, 2, 1, 1, '0000-00-00 00:00:00'),
(171, 2, 1, 1, '0000-00-00 00:00:00'),
(172, 2, 1, 1, '0000-00-00 00:00:00'),
(173, 2, 1, 1, '0000-00-00 00:00:00'),
(174, 2, 1, 1, '0000-00-00 00:00:00'),
(175, 2, 1, 1, '0000-00-00 00:00:00'),
(176, 2, 1, 1, '0000-00-00 00:00:00'),
(177, 2, 1, 1, '0000-00-00 00:00:00'),
(178, 2, 1, 1, '0000-00-00 00:00:00'),
(179, 2, 1, 1, '0000-00-00 00:00:00'),
(180, 2, 1, 1, '0000-00-00 00:00:00'),
(181, 2, 1, 1, '0000-00-00 00:00:00'),
(182, 2, 1, 1, '0000-00-00 00:00:00'),
(183, 2, 1, 1, '0000-00-00 00:00:00'),
(184, 2, 1, 1, '0000-00-00 00:00:00'),
(185, 2, 1, 1, '0000-00-00 00:00:00'),
(186, 2, 1, 1, '0000-00-00 00:00:00'),
(187, 2, 1, 1, '0000-00-00 00:00:00'),
(188, 2, 1, 1, '0000-00-00 00:00:00'),
(189, 2, 1, 1, '0000-00-00 00:00:00'),
(190, 2, 3, 1, '2016-10-30 06:46:42'),
(191, 2, 3, 1, '2016-10-30 06:46:42'),
(192, 2, 3, 1, '2016-10-30 06:46:43'),
(193, 2, 3, 1, '2016-10-30 06:46:43'),
(194, 2, 3, 1, '2016-10-30 06:46:43'),
(195, 2, 3, 1, '2016-10-30 06:46:43'),
(196, 2, 3, 1, '2016-10-30 06:46:43');

--
-- Indexes for dumped tables
--

--
-- Indexes for table `blocks`
--
ALTER TABLE `blocks`
  ADD PRIMARY KEY (`id`);

--
-- Indexes for table `blocks_channels`
--
ALTER TABLE `blocks_channels`
  ADD KEY `blocks_have_channels` (`block_id`),
  ADD KEY `channels_belong_to_blocks` (`channel_id`);

--
-- Indexes for table `channels`
--
ALTER TABLE `channels`
  ADD PRIMARY KEY (`id`);

--
-- Indexes for table `chat`
--
ALTER TABLE `chat`
  ADD PRIMARY KEY (`id`);

--
-- Indexes for table `groups`
--
ALTER TABLE `groups`
  ADD PRIMARY KEY (`id`);

--
-- Indexes for table `programs`
--
ALTER TABLE `programs`
  ADD PRIMARY KEY (`id`),
  ADD KEY `programs_belong_to_channels` (`channel_id`);

--
-- Indexes for table `sessions`
--
ALTER TABLE `sessions`
  ADD PRIMARY KEY (`id`);

--
-- Indexes for table `users`
--
ALTER TABLE `users`
  ADD PRIMARY KEY (`id`);

--
-- Indexes for table `votes`
--
ALTER TABLE `votes`
  ADD PRIMARY KEY (`id`),
  ADD KEY `users_have_votes` (`user_id`),
  ADD KEY `blocks_have_votes` (`block_id`),
  ADD KEY `channels_have_votes` (`channel_id`);

--
-- AUTO_INCREMENT for dumped tables
--

--
-- AUTO_INCREMENT for table `blocks`
--
ALTER TABLE `blocks`
  MODIFY `id` int(11) NOT NULL AUTO_INCREMENT, AUTO_INCREMENT=3;
--
-- AUTO_INCREMENT for table `channels`
--
ALTER TABLE `channels`
  MODIFY `id` int(11) NOT NULL AUTO_INCREMENT, AUTO_INCREMENT=25;
--
-- AUTO_INCREMENT for table `chat`
--
ALTER TABLE `chat`
  MODIFY `id` int(11) NOT NULL AUTO_INCREMENT, AUTO_INCREMENT=2;
--
-- AUTO_INCREMENT for table `groups`
--
ALTER TABLE `groups`
  MODIFY `id` int(11) NOT NULL AUTO_INCREMENT;
--
-- AUTO_INCREMENT for table `programs`
--
ALTER TABLE `programs`
  MODIFY `id` int(11) NOT NULL AUTO_INCREMENT, AUTO_INCREMENT=636;
--
-- AUTO_INCREMENT for table `sessions`
--
ALTER TABLE `sessions`
  MODIFY `id` int(11) NOT NULL AUTO_INCREMENT, AUTO_INCREMENT=2;
--
-- AUTO_INCREMENT for table `users`
--
ALTER TABLE `users`
  MODIFY `id` int(11) NOT NULL AUTO_INCREMENT, AUTO_INCREMENT=3;
--
-- AUTO_INCREMENT for table `votes`
--
ALTER TABLE `votes`
  MODIFY `id` int(11) NOT NULL AUTO_INCREMENT, AUTO_INCREMENT=197;
/*!40101 SET CHARACTER_SET_CLIENT=@OLD_CHARACTER_SET_CLIENT */;
/*!40101 SET CHARACTER_SET_RESULTS=@OLD_CHARACTER_SET_RESULTS */;
/*!40101 SET COLLATION_CONNECTION=@OLD_COLLATION_CONNECTION */;
